sentiment,confidence,text
Positive,0.9546900987625122,나는 9시반에 일어나서 쉬다가 이제 다같이 점심먹으러 엄마한테 가는중이야 ㅎㅎ
Negative,0.9550290107727051,그래그래 ㅋㅋ
Positive,0.7632063627243042,어제 연아는 12시까지 찡찡대다가 잠듬
Negative,0.9327414035797119,죽을 뻔…
Negative,0.9811983108520508,엄청 고생했네 ㅠㅠ
Negative,0.5053085684776306,12시라니 ㅠㅠ
Negative,0.9635308980941772,낮잠도 어설펐고 모기도 물렸고 ㅠㅠ
Negative,0.9958927631378174,"안좋은게 겹쳤네
ㅠㅠ 모기 많이물렸나? ㅠ"
Positive,0.9869415163993835,4시20분 도착예정이예여!
Negative,0.569199800491333,오케이
Negative,0.9269380569458008,연아는 자?
Negative,0.8444159626960754,여보 주차스티커 받아와야해용
Positive,0.9268825650215149,응 알았어! ㅋ
Negative,0.8876316547393799,애들 자?
Negative,0.7083136439323425,여보 바뻐?
Negative,0.9931204319000244,아니!
Negative,0.9957446455955505,왜용?
Positive,0.7581396698951721,나좀 도와줘
Negative,0.9532671570777893,어떤거?
Negative,0.9644826650619507,나 애플 비번 까먹어서 여보가 도와줘야함
Negative,0.9494777321815491,엥? 집에있어야해?
Negative,0.9513598680496216,아니 여보 핸폰으로 가능해요
Negative,0.9754005074501038,아 그럼가능해용
Positive,0.5050615668296814,다이소거든ㄹㅎ
Positive,0.6300432682037354,설정에 들어가면 여보 이름 눌러봐
Negative,0.9460369348526001,거기에 로그인 및 보안
Positive,0.8472119569778442,계정 복구
Positive,0.5588499903678894,거기에 남준우
Positive,0.5824654698371887,724548
Negative,0.9961726069450378,이것도 안되네 ㅠㅠ 고마워
Positive,0.5039546489715576,ㅠㅠㅠㅠ아이고 ㅠ
Negative,0.8873321413993835,웅웅
Positive,0.9782724380493164,차량등록하고 부동산도 다녀왔당 ㅎㅎ
Positive,0.8971150517463684,오케이! 고마워요 ㅋ
Positive,0.5100305080413818,여보 애플 펜슬 팁 뭐 써?
Negative,0.9017709493637085,테무에서 저렴이 사서 쓰는중ㅋㅋ
Negative,0.9433026313781738,그려 ㅋㅋ
Negative,0.589862585067749,거기 피크닉존이 원래 잇었는데 없어진거 같애
Negative,0.9786887168884277,그래?
Positive,0.9849321246147156,오 물놀이터 좋다
Positive,0.9856179356575012,깊지도않고 좋네
Negative,0.953385055065155,이렇게 3개네 ㅋ
Positive,0.9327797889709473,여기도 좋아 보이긴 하네 ㅋ
Positive,0.9841969609260559,오호 이뿌다 ㅎㅎ
Negative,0.9440082907676697,안성에서 30분 정도 거리
Positive,0.791019082069397,팜랜드도 시댁에서 20분정도 거리긴해 ㅎㅎ
Positive,0.7876712083816528,근데 저긴 한 20km 정도 거리라서 제일 멀긴해
Positive,0.836516797542572,천안은 시간제여서 좀 촉박할거같아
Negative,0.9317989945411682,그렇군 ㅋ
Positive,0.9030362367630005,팜랜드도 좋을거같은데
Negative,0.7058321833610535,근데 그냥 물놀이를 쭉 할거면
Positive,0.9824112057685852,맞춤랜드가 제일 좋을거 같애
Negative,0.9081929922103882,팜랜드는 QR로 예약해야해서 기다려야 할지도
Negative,0.9687247276306152,그렇네
Positive,0.7397304177284241,수영복잘챙겨가야겠다
Negative,0.9750891327857971,사진 2장
Positive,0.9861332774162292,오늘 싹 정리했쥐
Negative,0.9745334982872009,ㅋㅋㅋ 고생했네 ㅋ
Positive,0.9648891091346741,"안성놀이방식당 뼈해장국 감자탕 맛집, 본가왕뼈감자탕 출처 : 우주랑 토.. | 블로그"
Negative,0.9477465748786926,연아 자?
Negative,0.7204964756965637,응 잔다 ㅋ
Negative,0.9878002405166626,후후후
Negative,0.9532549381256104,재웠지
Positive,0.5050615668296814,욜ㅋㅋㅋㅋㅋㅋ
Positive,0.9754654765129089,스벅에서 커피사가려고!ㅎ
Negative,0.9433026313781738,그려 ㅋ
Positive,0.5050615668296814,ㅋㅋㅋ쉬고있어ㅋㅋㅋ
Negative,0.7283212542533875,응 ㅋ
Positive,0.8763388395309448,포테토칩 마가렛트 아이스크림
Negative,0.9242022633552551,생수작은거 사와주세용
Positive,0.9414195418357849,나 내일 대전다녀올게여!
Negative,0.9295995831489563,응 알았어
Negative,0.6945797204971313,그럼 내일은 일찍 갈게
Positive,0.9499585628509521,웅웅!
Positive,0.5535699725151062,오케이 ㅋ
Negative,0.9466645121574402,사진
Positive,0.5050615668296814,ㅋㅋㅋㅋㅋㅋㅋㅋ
Negative,0.9466645121574402,사진
Positive,0.5050615668296814,찾았당ㅋㅋ
Negative,0.6058266758918762,어디있었어? ㅋ
Negative,0.7927703261375427,파우치안에 ㅋㅋㅋㅋ
Positive,0.7478843331336975,ㅋㅋㅋ 그래도 다행이네 ㅋㅋㅋ
Positive,0.681450605392456,이제 대전 가는거야?
Positive,0.9803417921066284,12시44분 차라 아직 여유있엉 ㅎㅎ
Negative,0.9627482891082764,그럼 나 오늘 몇시까지 가면대?
Positive,0.9530139565467834,5시반에 연아 오니까 5시까지 와줘야할거같아용!
Positive,0.5832138061523438,알겠어
Positive,0.9740279316902161,웅웅 다녀올게!
Positive,0.6361818313598633,응!
Positive,0.9039171934127808,난 엄마랑 치과 도착
Negative,0.9727808237075806,치과에서는 머래?
Negative,0.9367399215698242,"엄마집근처치과로 와봤는데 
여기는 거의 1000만원이라고하네"
Negative,0.9964610934257507,흐음..
Negative,0.9691556096076965,틀니 하는데 1000만원인거야?
Negative,0.934227466583252,기존 치아 치료랑 틀니 해서 900만원정도
Negative,0.9697941541671753,음….. 너무… 비싸긴한데.. ㅠㅠ
Negative,0.9236959218978882,처음에 600만원이라고 했던 곳은 어딘데?
Positive,0.9457688927650452,일단 지금 치아 다 뜯어서 살릴수있는 치아는 살리고
Negative,0.9380264282226562,반석에있는 치과
Negative,0.9953774213790894,거기는 어떻게 하는지 설명을 제대로 못들어서
Negative,0.8643368482589722,가봐야할거같아
Negative,0.9894752502441406,하루 이틀안에 끝날 치료는 아닌 것 같네
Negative,0.55824214220047,응웅
Negative,0.9645945429801941,그렇군 그럼 반석에 있는 치과는 오늘 안가는거야?
Negative,0.9940637946128845,"채아가 머리가어지럽다고 연락이왔네. 
태권도 안보내고 5시-5시반 사이에 유치원으로 데리러 가겠다고 했어요."
Negative,0.9295995831489563,응 알았어
Negative,0.9696519374847412,연아는 5시반 아파트앞에서 차 내려요
Negative,0.9940703511238098,혹시 모르니 유치원 선생님 번호좀 알려줘
Negative,0.9504408240318298,연락처: 해관유치원
Negative,0.90813809633255,초록반 남채아
Positive,0.949787974357605,나 혼자가서 설명들을수있다고해서 나혼자 가는중!
Negative,0.9911862015724182,비 엄청온다여기
Negative,0.5919052362442017,낮에는 대전 폭염주의보였던거같은데
Positive,0.840592086315155,반석위치과의원 대전 유성구 북유성대로 303 뉴타운프라자 2층
Positive,0.9904329776763916,원장선생님께 전화드렸어요!(원장선생님이운전하심)
Negative,0.9466645121574402,사진
Negative,0.9759188294410706,6시반차도 있는데 아슬아슬해서
Positive,0.9919177889823914,일단 이거로 예매했엉!
Positive,0.7495225667953491,오케이 알겠어 ㅋ
Positive,0.9900851249694824,이제 기차타고 출발!
Negative,0.9750891327857971,사진 2장
Positive,0.896568238735199,채아가 만든 주먹밥
Positive,0.9475248456001282,우왕ㅋㅋㅋㅋ너무귀엽다!!
Positive,0.9693583250045776,귀여워 ㅋㅋㅋㅋ잘만들었다ㅋㅋㅋㅋ
Negative,0.9292336106300354,심지어 참치 주먹밥임 ㅋ
Negative,0.746740460395813,ㅋㅋㅋ김자반이랑 참치로 만들었어?ㅋㅋ
Negative,0.7283212542533875,응 ㅋ
Positive,0.6561533212661743,참치 마요 주먹밥임 ㅋ
Negative,0.8952164649963379,참치가 있길래 만들었지 ㅋ
Positive,0.9885326623916626,잘했당!ㅎㅎ 난 이제 광명역 도착!ㅎㅎ
Negative,0.9933066964149475,"엄마 한달에 보험료 25만원 낸다고 하시는데

보험관리사분한테 어떤보험이 들어져있는지 내가 물어봐도되겠지?"
Negative,0.9618274569511414,"안녕하세요~
김소용님 자녀 이신영이라고 합니다.

저희엄마 어떤보험이 들어져있는지 
궁금해서 연락드립니다.^^"
Negative,0.9428994655609131,요렇게 보내려고 하는데
Negative,0.9910390973091125,그 보험이 모두 한 보험관리사에게 가입한거래?
Negative,0.9526242613792419,만약에 그러면 가입된 상품의 상품 설명서를 보내달라고 해봐
Negative,0.9328405857086182,그러면 보내줄거야
Positive,0.9106224775314331,물어볼게!
Negative,0.7283212542533875,응 ㅋ
Positive,0.9867330193519592,야옹! 친구의 탕후루 선물을 확인해보라냥🐾 친구가 만들어줘서 더 맛있는 탕후루 지금 먹으러 가기⚡️
Negative,0.9518060088157654,싫은데
Positive,0.7339310050010681,이모티콘
Positive,0.5050615668296814,ㅋㅋㅋㅋ
Positive,0.7253239750862122,ㅋㅋㅋㅋ이제 연아데리러가는중
Negative,0.9546165466308594,그래요 ㅋ
Positive,0.9510155916213989,저녁 먹고 들어가요 오늘
Positive,0.9584656357765198,네넹!
Positive,0.9692742228507996,난 어제여보가가져온 소고기 먹으려고! 괜찮지?
Positive,0.9071100354194641,애들이랑 같이 ㅎㅎ
Negative,0.9779265522956848,응응 그럼!
Positive,0.977465033531189,맛있게 먹어요 ㅋㅋㅋ
Positive,0.5050615668296814,웅웅ㅋㅋ
Negative,0.8553833961486816,난 출출해서 뭐 시켜먹을까 하는데 여보는 생각있엉?
Positive,0.6673513650894165,그래 난 좋아 ㅋ
Negative,0.9805160760879517,돈 보내준거 확인했어요~!
Positive,0.5039546489715576,뉍 ㅋ
Positive,0.8485406041145325,채아 오늘 교회가고싶다네 ..
Negative,0.9910364151000977,저번 처럼 데리러 가야하나?
Negative,0.8291140794754028,그래야하나 물어봐야겠다
Negative,0.9581314921379089,어머니아버지 배웅나왔다가 예진이네 발견해서 잠깐 인사하러 예진이네왔엉 ㅎ
Negative,0.9615628719329834,응 알았오
Negative,0.7918740510940552,여보 준비 끝나면 연락줘
Negative,0.9039283394813538,준비끝
Positive,0.7378835082054138,오늘은 많이 바쁜가부네
Negative,0.9466645121574402,사진
Negative,0.9312660694122314,두둥
Negative,0.9296199679374695,오옷!!!!
Positive,0.9835345149040222,멋지구리!!!
Negative,0.9466645121574402,사진
Positive,0.5050615668296814,ㅋㅋㅋㅋㅋㅋㅋㅋㅋㅋㅋㅋㅋ
Negative,0.988410234451294,여보 그 속도위반 고지서
Negative,0.9047410488128662,찍어서 보내줘
Negative,0.9466645121574402,사진
Positive,0.5458048582077026,매직키보드인가 ㅋㅋ
Positive,0.9185214042663574,좋아보인다 ㅋㅋㅋㅋㅋ연아얼굴짱귀
Positive,0.5050615668296814,ㅋㅋㅋ
Negative,0.8811302781105042,이따가 집에가서 보여줄게 ㅋ
Negative,0.9226090908050537,그리고 앞에 보호 필름도 붙여줘야 해 ㅠㅠ
Negative,0.995590329170227,난 도저히 못하겠다
Positive,0.9716891646385193,웅웅 내가할게!
Negative,0.9546165466308594,그래요 ㅋ
Negative,0.9914447665214539,범칙금도 냈다 ㅋ
Negative,0.8521336913108826,여보는 속 괜찮지?
Positive,0.6673746705055237,응 괜찮아
Negative,0.9971016049385071,여보 속 안좋아?
Negative,0.9785496592521667,난 과음했다 ㅠㅠㅠㅠ오랜만에 숙취ㅠㅠㅠㅠ
Negative,0.9585514664649963,어익후
Positive,0.5050615668296814,ㅠㅠ
Positive,0.935438871383667,이제 진짜 술 3잔만 마셔야하나봐
Negative,0.7559294700622559,어제 몇잔 마셨는데?
Negative,0.9353487491607666,4~5잔 마셨던거같은뎅?
Negative,0.937015175819397,그런가…
Positive,0.7339310050010681,이모티콘
Positive,0.9844400882720947,애들 등원시키고 숙취해소제사서 바로 마셨당ㅋㅋ
Positive,0.9513077735900879,잘했어!
Negative,0.9839221239089966,아 그리고 방금 돈 보냈어요
Positive,0.986395001411438,넵! 이제 다 내야겠당
Negative,0.9466645121574402,사진
Negative,0.844062328338623,쿄쿄쿄
Negative,0.8953325748443604,샀어? ㅋ
Positive,0.9611174464225769,웅웅!!ㅋㅋㅋㅋㅋ
Positive,0.8791219592094421,쿠팡에서 어제 주문했눈데 오늘 바로도착ㅋㅋㅋ
Positive,0.9680187106132507,ㅋㅋㅋㅋ 어제 산것들 얼만지 보내줘
Negative,0.8974668979644775,입금할게 ㅋ
Negative,0.9579589366912842,갤탭이랑 같이?
Negative,0.9495571255683899,"668,980원 입니당"
Negative,0.9242438077926636,보냈습니다. ㅋ
Negative,0.8480139970779419,스위치는 티비에 연결해봤어? ㅋ
Positive,0.8062460422515869,아직 ㅎㅎㅎ
Negative,0.9683679938316345,뭔가 연결하기 어려워보여서 안건드렸엉 ㅎㅎ
Positive,0.5050615668296814,ㅋㅋㅋ
Positive,0.9039832353591919,오랜만에 테트리스하니까 재밌당ㅋㅋㅋ
Negative,0.8872568607330322,스위치로 테트리스를 하다니 ㅋㅋㅋ
Negative,0.9431869983673096,ㅋㅋㅋㅋㅋㅋ이거 없어진지 진짜 오래된게임이란말야ㅋㅋㅋㅋ
Negative,0.9850473403930664,그러니깐 스위치로 없어진지 진짜 오래된 게임을 하다니
Negative,0.9191417694091797,ㅋㅋㅋㅋㅋㅋㅋㅋㅋㅋㅋ놀리는건가 감탄하는건가
Negative,0.982988178730011,"노,, 아니 탐칸… 아니 캄탐…. 아니 감탄하는거지"
Positive,0.7339310050010681,이모티콘
Negative,0.911016583442688,오늘 옷사러갈거야?
Negative,0.7260428667068481,내일 갈까? ㅋㅋㅋ
Positive,0.8672298789024353,오늘 가도 대고 ㅋ
Positive,0.9829328060150146,주차장인데 애들 더 자고싶어하는거같아서 갈거면 여보내려오면될거같아
Negative,0.8791834712028503,아 그렇군 일단 나 라면 ㅠㅠ
Negative,0.9739696979522705,아하 그럼 올라갈게 ㅎㅎ
Positive,0.9673544764518738,"쿠팡을 추천합니다!
Soopii GaN 65W 초고속충전 2구 콘센트 4000W USB 멀티탭 GC10"
Positive,0.974432647228241,"쿠팡을 추천합니다!
유그린 GaNIII 멀티탭 고속충전기 DigiNest Cube 3680W with PD65W"
Negative,0.9269358515739441,여보
Negative,0.885672390460968,카드 받은거 앞뒤로 사진 찍어서 보내줘
Negative,0.6684862375259399,사용 등록 할거고
Negative,0.7240917086601257,그거 우리 차 하이패스에 설치하면 대
Negative,0.8560589551925659,기존 신한카드는 없애고
Positive,0.9584656357765198,네넹!
Negative,0.9338511228561401,카드 사진은 언제 보내줄거야?
Positive,0.5050615668296814,ㅠㅠ
Negative,0.9750891327857971,사진 2장
Negative,0.9918035268783569,찍어놓고 보내질않았네 ㅠㅠ
Positive,0.9556941986083984,이제 사용해도 대 ㅋㅋ
Positive,0.9562211632728577,넹!ㅎㅎㅎ
Negative,0.9729896783828735,애들 패드 케이스 반품하고 새로 샀엉 ㅎㅎㅎ
Negative,0.9466645121574402,사진
Negative,0.6690634489059448,안헷갈리게 바탕화면도 바꿔놨당ㅋㅋㅋ
Negative,0.709507942199707,ㅋㅋㅋㅋㅋ 애들한테는 이야기했어? ㅋ
Positive,0.9857391715049744,웅웅 아침에 애들이 색 골랐어 ㅋㅋ
Negative,0.9318931102752686,보니깐 필름도 다시 붙였나보네 ㅋ
Positive,0.5050615668296814,웅웅ㅋㅋㅋㅋ
Negative,0.9953235983848572,후다닥 다 해버렸당ㅋㅋ
Negative,0.5039979815483093,오늘 네드가 좀 늦게 오신다고 해서 나도 좀 늦게 들어갈 것 같애 ㅠㅠ
Positive,0.9377601742744446,웅웅 알겠어용
Negative,0.9269358515739441,여보
Positive,0.8618660569190979,당근으로 에어팟 오른쪽 구매 할 수 있어?
Negative,0.9621230959892273,그냥 정품을 살게… ㅠㅠ
Positive,0.9906538128852844,아마 지금 마사지 중인것 같은데 잘 받아요 ^^
Negative,0.6641664505004883,잘 받았어? ㅋ
Positive,0.9676746726036072,웅웅 넘나좋은것
Positive,0.5050615668296814,최고다최고👍👍
Positive,0.6150807738304138,이거 당근으로 살까?
Positive,0.8742721676826477,ㅋㅋㅋ 진작에 받으라니깐 ㅋㅋ
Negative,0.9305067658424377,당근으로 사면.. 정품일까?? ㅠㅠ
Negative,0.7923601865768433,그게 걱정
Negative,0.9669454097747803,정품...이겠지...
Positive,0.5050615668296814,ㅋㅋㅋㅋ
Negative,0.9725541472434998,그걸 모르겠어서 ㅋㅋ
Negative,0.9483271241188049,이거 서비스 센터에서는 한 11만원이라던데..
Negative,0.9957889914512634,어떻게 모험을 해봐??
Negative,0.9746248722076416,그럼 서비스센터에서 사는게 나을듯한뎅
Negative,0.5866277813911438,당근은 얼만데?
Negative,0.9960797429084778,모험하지말고...ㅋㅋㅋㅋ
Negative,0.9539368748664856,6만원~
Negative,0.9641845226287842,부터 시작
Positive,0.5050615668296814,ㅎㅎ
Negative,0.9805474281311035,음..
Positive,0.8475135564804077,알겠오!
Positive,0.9499585628509521,웅웅!
Positive,0.5050615668296814,잠듦
Positive,0.5050615668296814,연아잠듦
Negative,0.8973401188850403,오키 10분
Negative,0.9650744795799255,이 동네는 3만원 정돈데? ㅋ
Positive,0.7587782144546509,오? 좋은데
Negative,0.9892723560333252,잃어버린사람이 많은가부네
Negative,0.9908513426780701,고장난게 대부분 ㅠㅠ
Negative,0.6542276740074158,아이고
Negative,0.9337273240089417,여기는 6만5천원
Negative,0.9771682024002075,그래 그런게 낫다
Positive,0.5050615668296814,ㅠㅠ
Negative,0.9791660904884338,내가 보내줄테니 하나 사줘 ㅠㅠ
Positive,0.9584656357765198,네넹!
Negative,0.9585004448890686,55000원에 요번주 토요일 2시 범계역에서 거래하기로했엉!
Positive,0.9464962482452393,오케이!
Negative,0.9466645121574402,사진
Positive,0.5050615668296814,ㅋㅋㅋㅋㅋ
Positive,0.5050615668296814,ㅋㅋㅋㅋㅋ뭐야이게
Negative,0.9943807721138,누구게
Negative,0.9593111276626587,누구야?ㅌㅋ
Positive,0.5994734764099121,나야 ㅋㅋ
Negative,0.9700746536254883,너무 인자한미소라 ㅋㅋㅋ여보아닌거같아 ㅋㅋㅋ
Positive,0.8434499502182007,근데 정말 비슷함 ㅋㅋ
Negative,0.9466645121574402,사진
Positive,0.931641697883606,찰리임 ㅋㅋ
Positive,0.5050615668296814,ㅋㅋㅋㅋㅋㅋㅋㅋㅋㅋㅋㅋㅋㅋㅋㅋ
Positive,0.9620734453201294,특징을 잘 잡아 ㅋㅋ
Positive,0.8334946036338806,나도 해봐야겠다 ㅎㅎ
Positive,0.5050615668296814,ㅋㅋㅋㅋ
Positive,0.9368045330047607,제 미니미 좀 보세요! 샤인 AI 프로필에서 만든 나만의 미니미예요. 친구들도 한번 만들어 보는 거 어때요?
Positive,0.7930365204811096,ㅋㅋㅋㅋㅋㅋ 비슷하네 ㅋㅋㅋㅋ
Positive,0.5050615668296814,그러네ㅋㅋㅋㅋㅋ
Negative,0.8642390966415405,동영상
Negative,0.6066457033157349,밥먹어야하는것도 까먹고 한참했다 ㅋㅋㅋ와 진짜 재밌네
Positive,0.5050615668296814,ㅋㅋㅋㅋㅋㅋ
Negative,0.9786887168884277,그래?
Positive,0.9385898113250732,웅웅 ㅋㅋㅋㅋ와 진짜 재밌어ㅋㅋㅋㅋ
Positive,0.78419429063797,ㅋㅋ 채아가 좋아할거 같애? ㅋ
Positive,0.8405323028564453,엄~~~~~청ㅋㅋㅋㅋ
Positive,0.9737790822982788,"나도 이렇게 재밌는데 ㅋㅋㅋ채아는
엄청좋아할거같아 ㅋㅋ"
Positive,0.5050615668296814,ㅋㅋㅋㅋㅋ
Positive,0.9895278811454773,채아는 요즘 아주 신났네 ㅋㅋ
Positive,0.5039546489715576,ㅋㅋㅋㅋㅋ신문물 경험하기ㅋㅋㅋ
Positive,0.8465879559516907,나도 오늘 집에가서 해봐야 겠다
Positive,0.8407521843910217,우리집 벽을 뚫고 막 동그라미들이 쳐들어와!ㅋㅋㅋ
Negative,0.8659276366233826,총쏴서 우주선에 태워줘야해 ㅋㅋㅋㅋ
Negative,0.6216135025024414,ㅋㅋㅋ 신났고만 ㅋㅋㅋ
Positive,0.5050615668296814,ㅋㅋㅋㅋㅋ충전중이야ㅋㅋㅋ
Negative,0.8450502157211304,ㅋㅋㅋㅋㅋㅋ 그래 나도 한번 써보고 싶다 ㅋㅋ
Negative,0.9466645121574402,사진
Positive,0.5050615668296814,ㅋㅋㅋㅋ귀엽지
Negative,0.7410910129547119,ㅋㅋㅋ 오늘 나갈때 찍은거야? ㅋ
Positive,0.972564697265625,귀엽네 ㅋ
Positive,0.5050615668296814,웅웅ㅋㅋㅋㅋ
Positive,0.8963585495948792,이제 점심다먹었당ㅎㅎㅎ
Negative,0.8558301329612732,오늘 저녁은 어떻게 할래? ㅋ
Negative,0.9088585376739502,애들이랑 먹으려고했지?
Negative,0.777155876159668,오늘일찍와요?
Positive,0.9099721908569336,응 오늘 일찍 갈게 ㅋ
Positive,0.5424782037734985,오호
Negative,0.5043070912361145,오호 ㅋ
Negative,0.9817282557487488,"와 ㅋㅋㅋㅋㅋㅋㅋㅋ누워서 모동숲하고있었는데 ㅋㅋㅋㅋ 집보러 갈수있냐고 전화온거야

5분뒤에 온다해서 진짜 와다다다다다다다다다다다다다 지저분한거 다 들어가!!!!!!ㅋㅋㅋㅋㅋ"
Positive,0.8305526971817017,ㅋㅋㅋ후 좀 정리된상태로 보여드릴수있었다 ㅋㅋㅋㅋㅋ
Positive,0.5050615668296814,ㅋㅋㅋㅋㅋㅋㅋㅋㅋㅋㅋ
Negative,0.8771474361419678,그래도 처음이네 집보러 온사람 ㅋ
Positive,0.5050615668296814,웅웅ㅋㅋㅋㅋㅋㅋ
Positive,0.8828164339065552,요거로 했어요
Negative,0.9466645121574402,사진
Positive,0.8508018851280212,a몬스터케어
Negative,0.9670510292053223,c는 가죽오염제거라 어두운시트는 굳이 추천안하신대
Positive,0.9840912222862244,차 완전 깔끔
Positive,0.5050615668296814,ㅎㅎㅎ
Negative,0.9767119884490967,그래? ㅋ
Negative,0.9562815427780151,한번 할때가 되긴 했지 ㅋ
Positive,0.7370427846908569,이제 차에서 간식금지 ㅎㅎ
Negative,0.6501885652542114,우리도 ㅋㅋㅋ 금지 ㅋㅋㅋ
Negative,0.9805917143821716,아 맞다
Negative,0.8701992630958557,하이패스 카드는 교체했어?
Negative,0.8511650562286377,네!
Negative,0.730865478515625,알았어! 그럼 신한카드는 해지할게요
Positive,0.9475248456001282,네넹!!
Negative,0.991582453250885,"🥲 낮에 카페모카 마셨는데 계속 멀미나듯이 울렁거리는거야 
커피마셔서 그런가부다 하고 있다가
못참겠어서 화장실가서 토했는데

점심먹은게
체했었나봐...다토했다 ㅠㅠㅠㅠ엉엉"
Negative,0.5693680644035339,gjr
Negative,0.5057961344718933,헉 괜찮아? ㅠㅠ
Positive,0.861102819442749,토하고나니 컨디션 훅떨어지네 ㅠㅠ
Positive,0.9335214495658875,나 이제 퇴근해요
Negative,0.9155096411705017,좀만 기다려
Positive,0.9499585628509521,웅웅 !
Positive,0.9910220503807068,병원도착했어요 여보 저녁챙겨먹어요~
Negative,0.9172559976577759,장염이라고 수액맞고가라고 하네요 시간 좀 걸릴거같아요
Negative,0.8865671753883362,그래 ㅠㅠ 알았어 ㅠㅠ
Negative,0.9761249423027039,얼마나걸리는지 물어볼게
Negative,0.9881680607795715,아냐 그냥 출발할 때 연락해
Positive,0.8307508230209351,알겠어요~
Positive,0.9885713458061218,애들 오늘간단하게 씻겨요~!
Positive,0.9560371041297913,애들 다 씻겼음 ㅋ
Negative,0.9683647751808167,목욕?
Negative,0.8747735619544983,여보밥은?ㅠㅠ
Positive,0.9589325785636902,목욕했어 ㅋ
Positive,0.8654205799102783,밥은 이제 시킴 ㅋ
Negative,0.9712945818901062,고생했어 ㅠㅠ
Positive,0.7483326196670532,뭘 ㅋ 좀 쉬어요 ㅋ
Positive,0.5050615668296814,네넹
Negative,0.8205550312995911,병원이 9시까지라 9시에 출발할거같아요
Negative,0.9967393279075623,나 쓰레기 버리고올게!
Negative,0.9970306158065796,"남준우 고객님의 이번 달 렌탈료(멤버십료)가 미납되어 안내드립니다. 영업일 기준 3일 이내 등록된 납부수단으로 재결제가 시도될 예정이오니, 납부 가능 여부를 확인해 주시기 바랍니다.

 - 재결제 예정 금액 : 27,960원

3회 이상 연체시 서비스(AS,분리/재설치,정기점검)가 제공되지 않습니다.

▶ 미납금 납부/결제정보 변경
서비스센터 홈페이지에서 계약자 본인 명의 카드에 한하여 납부 및 결제정보변경이 가능합니다.

SK매직 고객상담센터 1600-1661"
Negative,0.992733359336853,"이렇게
왔어"
Negative,0.9378379583358765,네네
Negative,0.9269358515739441,여보
Negative,0.6940816044807434,이것 좀 사줄래?
Positive,0.9584656357765198,넹!
Positive,0.9498120546340942,난 애들데리고 이마트병원가는중
Positive,0.9807314276695251,연아 약타온거 다 먹어서 ㅎ
Positive,0.868523120880127,난 아직 회사이긴 한데 ㅠ
Negative,0.9070590138435364,웅웅 저녁은 어떻게 할거야?
Positive,0.856065034866333,일단 저녁은 먹고 갈게
Positive,0.8911414742469788,알겠어요~!
Negative,0.8710488677024841,여보는 저녁 먹었어?
Positive,0.9778123497962952,어제 주방쉰냄새의 정체를 알아냈다!
Negative,0.9435480237007141,먼데?
Positive,0.9745843410491943,노란색스펀지였어! ㅎㅎ
Negative,0.8400229811668396,초코우유 잔뜩 흘린거 닦았었잖아
Negative,0.9466795325279236,그거 냄새였어
Negative,0.9464488625526428,우유 닦고 그냥 뒀군
Negative,0.9556241035461426,그렇군
Negative,0.9024357795715332,물로 헹궜는데
Negative,0.9306332468986511,다 안헹궈졌었나보ㅓ
Negative,0.9931949377059937,바로 버렸당
Positive,0.5136023163795471,그래 잘했어 ㅋ
Negative,0.9718223214149475,여보 생활비 더 보내줄수있엉?
Negative,0.960799515247345,얼마 더 보내줄까?
Negative,0.9475041031837463,30만원정도 될까낲
Positive,0.9374579191207886,고마워!
Positive,0.8455926179885864,더 필요하면 이야기해 ㅋ
Positive,0.9584656357765198,넹!
Negative,0.9760872721672058,둘다 잠들었다
Negative,0.8485850095748901,5분
Positive,0.5629945397377014,출근은 잘 했어?
Positive,0.6398756504058838,응 출근은 잘했고
Negative,0.7743233442306519,내일 캠핑은 취소했어 ㅠㅠ
Negative,0.9226109981536865,내일 폭우가 내린대
Negative,0.8423311114311218,그렇군!ㅠㅠ
Negative,0.9869247674942017,위험할 것 같아서
Negative,0.5469667315483093,폭우면 캠핑은 힘들지 ㅠㅠ
Positive,0.9416872262954712,애들데리고
Negative,0.5084679126739502,응 그래서 일단 연기하려고
Positive,0.9584656357765198,네넹!
Positive,0.9528613090515137,일단 오늘 저녁에 갈테니 오늘 올라옵시다 ㅋ
Positive,0.8741651773452759,네네 알겠습니당
Positive,0.9622104167938232,(최고)
Positive,0.8937438130378723,내일 출근하겠네
Negative,0.9220426082611084,그렇겠지? ㅋ
Negative,0.915161669254303,그렇구만...ㅎ
Negative,0.9968359470367432,왜에?
Positive,0.7214978933334351,내일 어디 갈까?
Positive,0.8253553509712219,가도 대요 ㅋ
Positive,0.9496616125106812,애들 유치원 어린이집보내야하나 생각중이라
Negative,0.7915202379226685,아 ㅋ
Negative,0.9972929358482361,장작안썼는데 반품할까?
Negative,0.9646744132041931,아냐 ㅋ 내비둬봐 ㅋ
Positive,0.5050615668296814,네넹
Negative,0.6740016937255859,머하니
Positive,0.8835981488227844,"채아방 블라인드
바테이블"
Negative,0.9238446354866028,채아방 창문 너비 1800
Negative,0.9585570693016052,거실 창 너비 3300
Positive,0.8736820220947266,매직블록
Negative,0.9844074249267578,계란 무생채 보리 콩나물
Positive,0.8252233862876892,오렌지
Negative,0.9964500665664673,버섯
Negative,0.8556550145149231,표고표고 표고버섯 어예
Positive,0.9876096248626709,운동다녀왔다!ㅎ
Negative,0.9796004891395569,어땠어?
Positive,0.9562211632728577,재밌었어!ㅎㅎ
Positive,0.5039546489715576,복싱재밌네 ㅋㅋ
Positive,0.5661078095436096,여보는 괜찮아?
Negative,0.9466645121574402,사진
Positive,0.9831545352935791,오 굿
Positive,0.8008596301078796,괜찮아 ㅋ
Negative,0.93416827917099,오늘 약속있다했지?
Negative,0.7283212542533875,응 ㅋㅋ
Negative,0.8803560137748718,복싱에서는 머 배웠어? ㅋ
Positive,0.978099524974823,잽 잽 원투!ㅋㅋㅋ
Positive,0.9828909635543823,"복싱 20분 웨이트 20분 했어!ㅎㅎ
미리가서 설명도 듣고 로잉머신도 타봤다 ㅎㅎㅎ"
Positive,0.5050615668296814,ㅋㅋㅋㅋ
Negative,0.6021327972412109,계속 다닐거 같애?
Positive,0.9901836514472961,응응 ㅎㅎ 등록하고왔어!ㅎㅎ
Positive,0.5050615668296814,ㅋㅋㅋㅋ
Positive,0.9763023853302002,아 집으로 멀티탭 하나 시켰어 ㅋ
Positive,0.9584656357765198,네넹!
Negative,0.8741915822029114,그 멀티탭은 애들 패드 충전하려고 산건데
Negative,0.9540818333625793,용량이 커서
Negative,0.9969714879989624,꽤 비싸요 ㅋ
Negative,0.8990612030029297,아하 네넹
Negative,0.5871297717094421,그래서 일단은 티비 밑에 염두해두긴 했는데 더 좋은 자리 있으면 거기다가 놔도 대
Negative,0.995020866394043,몇구짜리야?
Positive,0.9658962488174438,오 멋지구리
Negative,0.8807396292686462,충전은 바로 케이블 꽂아서 하면 되는거라서
Negative,0.9917216897010803,저거 USB 포트가 급충이 되는거라서 비싼겨
Negative,0.8940456509590149,그래서 어디가 좋을지 함 봐바 ㅋ
Positive,0.9646245837211609,웅웅!ㅎㅎ
Positive,0.5281830430030823,ㅋㅋ 점심은 먹었어?
Negative,0.9828280210494995,너구리랑 어제남은 보리밥 열무넣고 고추장 참기름넣고 비벼서 냠냠
Positive,0.9093640446662903,ㅋㅋㅋㅋㅋㅋㅋㅋㅋ 잘했다 ㅋㅋㅋ
Positive,0.5050615668296814,ㅋㅋㅋㅋㅋㅋㅋ
Positive,0.9779816269874573,알았어요! 이따가 퇴근할 때 연락할게
Positive,0.9475248456001282,네넹!!
Positive,0.9278534650802612,아 그리고 케이블 2개도 같이 시켰어
Negative,0.6967034339904785,애들 충전은 그걸로 시켜주면 대
Positive,0.8163192272186279,오 굿굿👍
Negative,0.9269358515739441,여보
Negative,0.8875512480735779,여기 회원가입좀 해줘
Negative,0.8038289546966553,"넹
로그인했어요 아이디 비번 알려주면돼?"
Negative,0.6625183820724487,응 알려줘 ㅋ
Positive,0.8904761672019958,"dltlsdud7748
qlalf7748!"
Negative,0.9080216288566589,땡큐 고마워요 ㅋ
Positive,0.9584656357765198,넹!
Negative,0.9902588129043579,250만원?
Negative,0.9317712783813477,이번달부터 50만원 더 보내준다 했자나요 ㅋ
Positive,0.926695704460144,기억안나면 다시 돌려줘도대
Positive,0.5050615668296814,ㅋㅋㅋㅋ
Positive,0.7823429107666016,아니야 기억났어!ㅋㅋ
Negative,0.9945117235183716,기악 안니는거 같은데 ㅋㅋㅋ
Positive,0.5039546489715576,ㅋㅋㅋㅋㅋ기억났어 ㅋㅋㅋㅋㅋ
Positive,0.5050615668296814,ㅋㅋㅋㅋㅋ
Negative,0.9720597267150879,"[CJ대한통운]
[Web발신][CJ대한통운 오네(O-NE)_배송출발]

반갑습니다, 고객님.
고객님의 소중한 상품이 배송 예정입니다.

· 보내는분 : 애플KR 국내
· 상품명 : Electronic



모두를 위한 단 하나의 배송!
CJ대한통운 오네"
Positive,0.6245599985122681,여보꺼 가고 있대
Positive,0.8797067403793335,어예~!!ㅋㅋㅋㅋ
Negative,0.8988668322563171,여보꺼는 언제와?
Positive,0.7868323922157288,아직 몰라 ㅋ
Positive,0.5050615668296814,ㅋㅋㅋㅋ얼른왔음좋겠네
Positive,0.9548068046569824,울트라 제대로 구경하게 ㅋㅋ
Positive,0.5050615668296814,ㅋㅋㅋㅋ
Negative,0.958227813243866,"[CJ대한통운]
[Web발신][CJ대한통운 오네(O-NE)_배송완료]

고객님의 상품이 배송 완료되었습니다.

ㆍ보내는분 : 애플KR 국내
ㆍ상품명 : Electronic
ㆍ인수자(위탁장소) : 문앞
ㆍ운송장번호 : 582201899221

모두를 위한 단 하나의 배송!
CJ대한통운 오네

※ CJ대한통운 고객센터 : 1588-1255"
Negative,0.9312660694122314,두둥
Negative,0.9466645121574402,사진
Negative,0.9881379008293152,같이옴 두둥ㅋㅋㅋ
Positive,0.5050615668296814,ㅋㅋㅋㅋㅋㅋㅋㅋㅋㅋㅋㅋ
Negative,0.9887440204620361,음?? 머지?? ㅋㅋㅋㅋ
Positive,0.5593058466911316,끼야오
Negative,0.974448025226593,오늘 회식인데 엉엉
Positive,0.8278894424438477,ㅋㅋㅋㅋㅋㅋㅋㅋㅋ집에서 워치가 기다리고있어여 ㅋㅋㅋㅋ
Positive,0.5050615668296814,ㅋㅋㅋㅋㅋㅋㅋ
Negative,0.7096261978149414,근데 충전 케이블은 없어?
Positive,0.9536194801330566,아직 밑에까지는 안까봤눈데!
Negative,0.9479506015777588,아 그래 ㅋㅋㅋ
Positive,0.5050615668296814,ㅋㅋㅋㅋㅋㅋ
Negative,0.9115493893623352,여보껀 안꺼냈어? ㅋ
Negative,0.9466645121574402,사진
Negative,0.9554779529571533,핸드폰 업데이트먼저해야한대...ㅋㅋ
Negative,0.506754994392395,얼른해 ㅋㅋ
Negative,0.9550706148147583,여보꺼엔 충전기 있었어?
Negative,0.9399524927139282,연아 하원시간이라 시계랑 줄만 쏙 빼와서
Negative,0.9833189249038696,못봤어...ㅎ
Positive,0.8785306811332703,나중에 알려줘 ㅋ
Negative,0.9378379583358765,네네
Positive,0.8981550931930542,워치 c타입 충전기 포함되어왔네용
Positive,0.5424782037734985,오호
Positive,0.8990156650543213,좋다 ㅋ
Negative,0.8876292705535889,충전기가 생겼구나 ㅋㅋ
Positive,0.5050615668296814,ㅋㅋㅋㅋㅋㅋ좋더
Negative,0.7787057161331177,ㅋㅋ 시계는 좋아?
Negative,0.9466645121574402,사진
Positive,0.9907774925231934,큼직하니 좋다!ㅎㅎㅎㅎ
Negative,0.8417972326278687,ㅋㅋㅋㅋ 더 가벼워졌니?
Negative,0.9594050645828247,그런것같기도하고?ㅎㅎ
Positive,0.5050615668296814,ㅋㅋㅋㅋ
Positive,0.8752875328063965,스트랩도 좀 더 가벼워지고 ㅋㅋ
Positive,0.9839118123054504,좋네 ㅋㅋ 나도 얼른 가서 차보고 싶다 ㅠㅠ
Negative,0.9465248584747314,ㅋㅋㅋㅋㅋ오늘은 누구랑 마셔?
Positive,0.9642589092254639,토마스 맥스 제이 찰리
Positive,0.9919731616973877,아하 ㅎㅎ 즐겁게 먹구와요!
Positive,0.6911108493804932,자니 ㅋ
Negative,0.9216527938842773,"몇시에
올 예정이야?ㅎ"
Negative,0.9946523904800415,왜?
Negative,0.972521185874939,머선 일이고?
Positive,0.5982271432876587,일찍 갈까?
Positive,0.9466143846511841,오늘 엄마오신다고 저녁 같이먹기로 했어서
Negative,0.9412758350372314,아 맞다 ㅋ
Negative,0.9529581069946289,몇시에 맞춰서 올건지 물어본거죵
Positive,0.7470294833183289,5시에 출발할게 ㅋ
Positive,0.9584656357765198,네넹!
Negative,0.8753465414047241,연아가 씨씨티비로 말 하래요 ㅋㅋㅋㅋ
Negative,0.9838672876358032,방탈출중인가 ㅎㅎ
Negative,0.9462771415710449,여보 채아방 창문가로길이 180이였어?
Negative,0.7163234949111938,180cm
Positive,0.5050615668296814,ㅇㅇ
Negative,0.9273025393486023,운동끝나고 버스타러가는중 ㅎ
Negative,0.9890507459640503,겁나열심히 걸어왔는데 버스가 서지도않고 그냥 갔어!
Negative,0.9441688656806946,우리캠핑언제라고했지?
Negative,0.8956742286682129,10월 11일
Negative,0.970747172832489,택시 타고 와 ㅋ
Positive,0.5050615668296814,주소알려주ㅜ
Negative,0.9855203032493591,택시탔당
Negative,0.7927300333976746,3268*
Positive,0.9584656357765198,넹!
Negative,0.9473350048065186,화장실 다녀왔어
Positive,0.6048675179481506,웅!
Negative,0.5076293349266052,오케이 알았어 ㅋ
Positive,0.7982473969459534,사무실에 들어와있는중 ㅎㅎ
Negative,0.7823083996772766,그래 ㅋ 편하게 있으면 대 ㅋ
Negative,0.8874329328536987,애들 병원은 다녀왔어?
Positive,0.8645821809768677,웅웅 둘다 콧물 좀 있대용
Negative,0.9212449789047241,약타왔어! 연아 중이염은 다 나았고!ㅎㅎ
Negative,0.9317989945411682,그렇군 ㅋ
Negative,0.5535887479782104,연아 열은 좀 괜찮아?
Positive,0.9907365441322327,웅웅 오늘은 열없이 컨디션 좋았어요 ㅎ
Positive,0.8820804357528687,다행이구나 ㅋ
Positive,0.907560408115387,나는 운동다녀와서 쉬는중이야 ㅎㅎ
Negative,0.7341027855873108,오늘은 좀 어떄? ㅋ
Negative,0.9537153840065002,오늘은 팔이 내말을 안들어 ㅋㅋㅋㅋㅋㅋ
Negative,0.7550123333930969,다리는 좀 괜찮고? ㅋ
Positive,0.907135546207428,어제보단 괜찮아 ㅎㅎㅎ
Negative,0.6840362548828125,다행이군 ㅋㅋ 그렇게 튼튼해지는거다 ㅋㅋ
Negative,0.9725358486175537,ㅋㅋㅋ튼튼해지는중이맞는거지?ㅋㅋㄴㄴ
Negative,0.8852235078811646,맞음 ㅋㅋㅋㅋ
Negative,0.6904065012931824,피곤해서 녹차라떼시켜먹었엉ㅎㅎㅎ
Negative,0.8783326148986816,ㅋㅋㅋㅋ 그래 잘했다 ㅋㅋ
Negative,0.6996361017227173,올리브유 양송이
Negative,0.8570826053619385,통마늘
Negative,0.9750891327857971,사진 2장
Positive,0.9866851568222046,애들이랑 안양바운스 왔어 ㅎㅎㅎ놀고갈게!ㅎㅎ
Positive,0.860794723033905,연아 막 잠듬
Negative,0.9762453436851501,오호 여보 고생했엉
Positive,0.5039546489715576,아닙니당 ㅋ
Negative,0.7649614214897156,거기 몇시까지 빌린거야?
Negative,0.9466645121574402,사진
Negative,0.9421095252037048,"골격근량이 늘고 
체지방은 줄었다 우하하하"
Positive,0.9279118776321411,잘했네 ㅋ
Negative,0.9466645121574402,사진
Positive,0.8250784277915955,오늘 운동한거?
Negative,0.9260486364364624,이거 왼팔 표준이상인거 너무 웃겨ㅋㅋㅋㅋㅋ
Negative,0.9695725440979004,채아 연아를 안았더니 왼팔만..
Positive,0.5050615668296814,웅웅ㅋㅋㅋㅋㅋㅋㅋㅋ
Positive,0.9656020402908325,인바디 3주에 한번씩 잰대!ㅎㅎ
Negative,0.7912687659263611,채아 머리아프다고해서 오늘 유치원 쉰당 🥲
Negative,0.9575971961021423,오전에 병원다녀왔어 목이랑 코 점막쪽이 부었대
Negative,0.9436930418014526,아이고.. 그래 푹 쉬게 해야지 ㅠㅠ
Negative,0.8808483481407166,웅웅 집에서 같이 레고중...ㅋㅋㅋㅋ
Negative,0.9466645121574402,사진
Negative,0.9696606397628784,아이고...
Positive,0.8142537474632263,고생이군
Positive,0.9669017791748047,둘보는거 아니면 쉬워서 괜찮아 ㅎㅎㅎ
Negative,0.9269358515739441,여보
Positive,0.7377851009368896,오늘 밍고가 보자고 하네
Positive,0.981904923915863,밍고 만나고 갈게요
Positive,0.8911414742469788,알겠어요~!
Positive,0.975165069103241,채아한테 잘 말해줘
Positive,0.9648477435112,웅웅! 채아오늘 교회다녀온대 ㅎㅎ
Positive,0.8174340724945068,하루종일 집에있었더니 심심한가봐 ㅎㅎ
Positive,0.967756450176239,채아는 채아방에서 자고있으니
Positive,0.986320436000824,안방에 채아없다고 놀라지말아용
Negative,0.6353116035461426,나 집가믄길
Negative,0.7598880529403687,오늘 일찍오십니까아~?ㅎㅎ
Positive,0.8961150050163269,일찍 갑니다아~~
Positive,0.5050615668296814,네넹
Positive,0.9713526368141174,이제 가는중!ㅎㅎ
Positive,0.9566764831542969,아까 출발했엉!
Negative,0.9108861088752747,응 알았어 와요
Positive,0.7032878398895264,네네!
Positive,0.8667299747467041,"맥주
닭
백숙재료티백
국거리용소고기
찹쌀"
Positive,0.981264591217041,마늘괜찮아요!ㅎㅎ
Positive,0.5050615668296814,ㅇㅋ
Positive,0.9465607404708862,우리 11월 18일에 건강검진 받을까 하는데 괜찮아?
Positive,0.5050615668296814,네넹
Positive,0.769183874130249,나 이거 필요함 ㅋ
Positive,0.8997207880020142,4개 짜리로 사줘요
Positive,0.9271717667579651,주문했어용
Positive,0.5039546489715576,땡큐 ㅋ
Negative,0.9466645121574402,사진
Negative,0.9668274521827698,파일: 신분증 2024년 10월 24일.pdf
Negative,0.9248776435852051,"난 채아랑 연아랑 
안과왔어!ㅎㅎ"
Negative,0.9786887168884277,그래?
Negative,0.9731925129890442,사진 3장
Negative,0.9466645121574402,사진
Negative,0.8945572972297668,산에 옴 ㅋㅋㅋ
Positive,0.5050615668296814,ㅋㅋㅋㅋ등산인가ㅋㅋ
Negative,0.9466645121574402,사진
Negative,0.7283212542533875,응 ㅋㅋㅋ
Positive,0.9489728808403015,상쾌해보인다 ㅋㅋㅋ
Negative,0.9752480983734131,힘들어 ㅋㅋㅋㅋ
Positive,0.5050615668296814,ㅋㅋㅋㅋㅋㅋㅋ고생했어ㅋㅋ
Negative,0.9466645121574402,사진
Negative,0.9224777817726135,오늘은 저녁 먹고와? 아님 와서먹어?
Positive,0.8806017637252808,가서 먹을래 ㅋ
Positive,0.937634289264679,"웅웅 채아는 머리아프다고 유치원에서 연락와서 
4시에 바로 데리고왔엉"
Negative,0.8917170763015747,"집에서
좀 쉬게하려고 
오늘 아침에 머리 좀 따뜻하다했더니 
컨디션이 안좋은거같아"
Negative,0.9750891327857971,사진 2장
Negative,0.8746927380561829,요렇게 두벌 사왔당 ㅎㅎ
Positive,0.9559932947158813,이쁘다 ㅋㅋ
Negative,0.95854252576828,한벌에 99000원ㅎㅎ잘샀지
Positive,0.9431138038635254,잘 샀네 ㅋㅋ
Positive,0.7339310050010681,이모티콘
Negative,0.6740016937255859,머하니
Negative,0.6103821396827698,안자는데
Negative,0.9506204128265381,자니?
Negative,0.9933878183364868,왜 안보니
Positive,0.5050615668296814,ㅋㅋㅋ
Negative,0.6740016937255859,머하니
Negative,0.9831039905548096,음?
Negative,0.9562183618545532,움?
Positive,0.6866286993026733,욱?!
Negative,0.9466645121574402,사진
Negative,0.670742928981781,이건어때
Negative,0.9750891327857971,사진 2장
Positive,0.9469854235649109,애들이랑 점심먹는중 ㅎㅎㅎ
Negative,0.8757568597793579,아빠빼고 떡볶이먹어서 채아가 미안하대 ㅎㅎ
Positive,0.5993486046791077,우럭 만원 참돔 이만원
Negative,0.9332276582717896,뭐먹을까나
Negative,0.9466351270675659,내앞에 15팀정도 남았당ㅎㅎ
Negative,0.9087774157524109,희희
Negative,0.9550290107727051,그래그래 ㅋㅋ
Positive,0.8772326111793518,애들 배고프다고 난리 ㅋ
Negative,0.7310006618499756,ㅋㅋㅋ이거 얼른가서 좀 먹고 다른거 줄 서서 후다닥 사와야겠네
Negative,0.6273685693740845,여보 오면 여보가 좀 먹이고 내가 줄 짧은 것들 사와야겠다 ㅋ
Positive,0.5050615668296814,그래용ㅋㅋㅋ
Negative,0.8931225538253784,맥주는 어때?
Positive,0.8008596301078796,괜찮아 ㅋ
Negative,0.9971708655357361,굴전이 사람이 별로 없다
Positive,0.5424782037734985,오호
Negative,0.6268764734268188,그래도 좀 기다려야 할듯 ㅋ
Positive,0.9049786329269409,여기선 맛만보고
Negative,0.9396013617515564,저녁엔
Negative,0.7617866396903992,회먹자 ㅋㅋㅋㅋㅋ
Positive,0.5050615668296814,그러쟈ㅋㅋㅋㅋㅋ
Positive,0.7766149640083313,애들은 좀 먹였어?
Positive,0.8028664588928223,웅웅 지금 우럭 계속 먹고있어ㅋㅋ
Positive,0.9315221905708313,다행이군 ㅋ
Positive,0.9675039052963257,통영 금호 마리나 리조트 유명 맛집_금호 횟집 ( 내돈내산 ) 출처 : busan_girl.. | 블로그
Positive,0.8529393076896667,저녁 여기 좋겠다
Negative,0.89992356300354,숙소 바로 앞 ㅋ
Positive,0.5050615668296814,좋다ㅎㅎㅎ
Positive,0.5050615668296814,ㅋㅋㅋㅋ
Positive,0.8514751195907593,미리예약해야되는거같은데!
Positive,0.5909579396247864,벅수다찌 경남 통영시 동충2길 41-5 벅수다찌
Negative,0.5443285703659058,11시5분 도착예정
Negative,0.9877579212188721,혹시 아폴로에서 연락온거 있어?
Negative,0.9954212307929993,아니!없어용
Positive,0.6737000942230225,ㅇㅇ 알았어 ㅋ
Positive,0.5188069343566895,파일: 2024년 네오와이즈 종합검진 프로그램_아폴로헬스케어.xlsx
Negative,0.8349001407623291,여보 이거 보고
Negative,0.8641106486320496,선택해야해
Negative,0.850873589515686,오른쪽 빨간색 택1 되어있는것들
Negative,0.9720598459243774,하나씩 고르면 되는거지?
Negative,0.9816216826438904,택1이 있고
Negative,0.9933545589447021,택2가 있네
Positive,0.9737085103988647,"택1 > 뇌혈관MRA
택2-1 > 유방초음파
택2-2 > 경동맥초음파
택1 > 심장혈관CT 

위내시경 수면으로선택할게요!"
Negative,0.8984795808792114,여보 지금 바꿔도돼?
Negative,0.9503106474876404,마지막 택1>흉부CT
Positive,0.5050615668296814,ㅇㅇ
Negative,0.9927646517753601,검진 예약 문자 왔어?
Negative,0.8511650562286377,네!
Positive,0.5535699725151062,오케이 ㅋ
Positive,0.5050615668296814,웅웅ㅋㅋ
Negative,0.9034382700920105,유치원은 8시부터 가능하대
Positive,0.9681631326675415,어린이집도 8시부터 가능
Positive,0.5535699725151062,오케이 ㅋ
Negative,0.9466645121574402,사진
Positive,0.9766545295715332,난 운동왔당 ㅎㅎ
Negative,0.9105547070503235,그렇군!
Positive,0.9809834361076355,화이팅!
Negative,0.9750891327857971,사진 2장
Positive,0.9268741607666016,오늘아침 우리집 사자ㅋㅋㅋ
Positive,0.5050615668296814,ㅋㅋㅋㅋㅋㅋㅋㅋㅋㅋㅋㅋ
Positive,0.9562211632728577,ㅋㅋㅋㅋㅋㅋ점심맛있게먹어!ㅋㅋ
Positive,0.9891234040260315,뉍! ㅋ 여보도 화이팅 ㅋ
Negative,0.9837936758995056,나 미용실 5시 반에 예약함
Negative,0.5349022746086121,여보 오늘 약속 잡았어?
Negative,0.9947458505630493,아니 ㅋㅋ
Negative,0.9918010830879211,아예 연락안했엉 ㅎㅎ
Negative,0.9317989945411682,그렇군 ㅋ
Negative,0.5695604085922241,사람이 엄청 많다 ㅠㅠ
Negative,0.9794548749923706,오래걸릴거같아?
Negative,0.9789124131202698,글쎄 내가 몇번째인지를 모르겠어서
Positive,0.9421043395996094,이제 막 시작한거 같긴한데
Negative,0.9590858817100525,한시간은 안걸리겠지
Positive,0.9881735444068909,그렇군! 애들이랑 집에 있을테니 잘 다녀왕
Positive,0.9167631268501282,난 어제 너무 많이먹었나봐
Positive,0.5050615668296814,ㅋㅋㅋㅋ
Negative,0.9806484580039978,배탈나서 계속 화장실 왔다갔다하는중 ㅠㅠ
Negative,0.970615804195404,그 과식해서 아픈 배야 ㅠㅠㅠㅠ
Negative,0.9886969327926636,엉엉
Negative,0.9903299808502197,배탈?? ㅠㅠ
Negative,0.7822385430335999,웅웅 아침에 바로 약먹긴했는데
Negative,0.9273810982704163,너무 먹긴 했지
Positive,0.9695197939872742,아 너무 맛있었어 ㅠㅠㅠㅠ
Positive,0.5050615668296814,ㅋㅋㅋㅋㅋ
Negative,0.8346625566482544,담에는 포장해서 먹어보자 ㅋ
Positive,0.9024998545646667,퇴근길에 포장해갈게 ㅋㅋ
Positive,0.5050615668296814,그러쟈ㅋㅋㅋ
Negative,0.9750891327857971,사진 2장
Positive,0.9911835193634033,연아도 잘 놀아용 ㅋㅋㅋㅋㅋㅋㅋㅋ
Positive,0.9150307774543762,곱창이 도착했어여
Positive,0.5050615668296814,ㅋㅋㅋㅋㅋ
Positive,0.9112460613250732,"김대리의 취향 니트
나 요책사죠"
Negative,0.8642390966415405,동영상
Positive,0.5050615668296814,엄청많이뽑았당ㅋㅋㅋㅋㅋㅋㅋ
Negative,0.8250162601470947,ㅠㅠ 도대체 인형을 얼마나 집에 두려고 이러는거야 ㅠㅠ
Negative,0.9259383678436279,우리 부업으로 인형가게 하는거였어?
Negative,0.9697321653366089,ㅋㅋㅋ잘뽑히는걸 어째...ㅋㅋ
Negative,0.9827865362167358,한마리당 3000원에 뽑은거야...
Positive,0.5050615668296814,ㅋㅋㅋㅋㅋㅋㅋ
Positive,0.5050615668296814,ㅋㅋㅋㅋㅋ
Negative,0.9840547442436218,대단하다 ㅋㅋ
Negative,0.8565965294837952,난 그렇게 못하겠던데 ㅠㅠ
Positive,0.5050615668296814,ㅋㅋㅋㅋㅋ귀엽지
Negative,0.9466645121574402,사진
Negative,0.8145876526832581,저 오리녀석들ㅋㅋㅋ
Negative,0.9684471487998962,ㅋㅋㅋ 대단하십니다 ㅋㅋㅋㅋ
Positive,0.6568255424499512,난 죽어라 안뽑히던데 ㅋ
Negative,0.713075578212738,유튜브로 인형뽑는거 봤더니 방법이 보인달까나 ㅋㅋㅋㅋㅋㅋㅋㅋㅋㅋㅋㅋㅋ
Negative,0.9969087243080139,흐음
Negative,0.9134548902511597,대단하시군 ㅋ
Positive,0.7822030186653137,오늘 운동은 잘 했어?
Positive,0.5050615668296814,웅웅ㅋㅋㅋ재밌었어ㅋㅋㅋ
Positive,0.986515998840332,저녁 먹고 갈게요 ^^
Positive,0.9584656357765198,넹!
Negative,0.9595582485198975,"이거 내가
보낸거 봤었엉??"
Negative,0.7283212542533875,응 ㅋㅋ
Negative,0.9303619861602783,여보 오늘 저녁부터 금식인거네?
Negative,0.7283212542533875,응 ㅋ
Positive,0.576488733291626,오늘은 언제 퇴근해?
Negative,0.9823817610740662,음 6시에서 7시 사이?
Positive,0.9584656357765198,네넹!
Positive,0.9016720652580261,책 샀어
Negative,0.680330216884613,내일 배송한데
Negative,0.9766124486923218,오잉
Negative,0.7857541441917419,야호
Negative,0.7887179851531982,여보 몸은 좀 어때?
Negative,0.6035159826278687,괜찮아
Negative,0.8147380352020264,근데 문자로 결과 나왔는데 좀 안좋은가봐
Negative,0.9971567392349243,어떻게 안좋은거예요?
Negative,0.9778172373771667,검사 받으래
Negative,0.9941985607147217,"제목없음
[Web발신]
삼성열린내과입니다.
남준우님 11/13 시행한 혈액검사 결과 백혈구의 호중구 비율 상승과 염증수치의 상승 (CRP 8.43mg/dL) 관찰됩니다.
 또한 간수치의 상승이 동반되어 있습니다. (AST/ALT 46/43IU/L)

간염 원인 확인 및 염증의 경과 확인 위한 추적 검사가 필요하므로 금 or  토요일 방문 바랍니다.

만약 약물 복용 후에도 지속적인 고열과 황달 등 증상 악화를 보일 경우 인접 응급실 진료 바랍니다."
Negative,0.9480034708976746,내일 바로 검사받으러 다녀와야겠네
Positive,0.6519129276275635,시간괜찮아?
Negative,0.6706392765045166,ㅇㅇ 전화해볼게
Positive,0.9882925152778625,채아는 곧 출발한대요~!
Positive,0.5050615668296814,오왕ㅋㅋㅋㅋㅋ
Negative,0.9434932470321655,기사나심 ㅋ
Positive,0.5050615668296814,멋지드아아👍ㅎㅎㅎ
Positive,0.6663897037506104,ㅎㅎㅎ 근데 문제는 그사이에 아이템이 바뀜 ㅋ
Negative,0.7354494333267212,맞네 ㅋㅋㅋㅋㅋㅋㅋㅋㅋ
Positive,0.5050615668296814,ㅋㅋㅋㅋ
Negative,0.9667826890945435,책 도착함
Positive,0.7227861285209656,어예
Negative,0.8963695168495178,오늘은 몇시에와?
Positive,0.8429979681968689,오늘은 찰리가 바쁘신거 같은데 왠만하면 저녁은 집에서 먹을게
Positive,0.8845678567886353,아 그리고 건강 검진 12월 2일로 했는데 괜찮지?
Positive,0.9499585628509521,웅웅!
Negative,0.987721860408783,문자 갔어?
Positive,0.8889585733413696,지금왔어!ㅎㅎ
Negative,0.7512134313583374,저녁메뉴는 먹고싶은거있엉?
Negative,0.749127984046936,저녁은… 머먹을까? ㅋ
Positive,0.5050615668296814,ㅋㅋㅋㅋㅋㅋ
Positive,0.5039546489715576,ㅋㅋㅋㅋㅋㅋ매일매일이 어렵다ㅋㅋㅋㅋ
Negative,0.9222378134727478,메뉴정하는거 왜케 어려운거야 ㅋㅋㅋㅋ
Negative,0.9750891327857971,사진 2장
Positive,0.9693583250045776,귀여워 ㅋㅋㅋㅋㅋ
Negative,0.5166475176811218,채아가 직접 만들었음
Positive,0.9911776185035706,오 이뿌게 잘만들었다!
Negative,0.9750891327857971,사진 2장
Positive,0.5050615668296814,ㅋㅋㅋㅋㅋ
Positive,0.5050615668296814,ㅋㅋㅋㅋㅋㅋㅋㅋㅋㅋㅋㅋㅋ
Positive,0.7167890667915344,작품이다 ㅋㅋㅋ
Negative,0.875317394733429,나 늦을거 같애 ㅠㅠ 미안 ㅠ
Negative,0.7833408117294312,먼저 저녁 먹어야 할듯
Positive,0.7430733442306519,알겠어요~! 그럼 저녁은 먹고올거야?
Negative,0.957459568977356,응 먹고 갈게 ㅠㅠ 배고프다 ㅠㅠ
Positive,0.935276985168457,웅웅!!
Negative,0.9335291385650635,도착했어요?
Positive,0.7385783195495605,애들은 잔다
Negative,0.9373080730438232,나도 잠들어다가 깸
Negative,0.991177499294281,"나 요번건강검진때 자궁경부암검사가 선택지에 있었네
따로 전화해서 무료검진가능해서
그날 같이받을수있냐고 물어보려고하는데 

내가 전화해도되나?
아니면 여보가 전화해야하나?"
Positive,0.8838483095169067,여보가 해도 되요 ㅋ
Positive,0.9584656357765198,네넹!
Positive,0.8471251726150513,월급보내준거 확인했어요~!
Positive,0.9562211632728577,넵! ㅋ
Negative,0.7922881245613098,"나 이제 술을 끊어야하나봐
일어났는데 어지러워서 뭐 하질 못하겠어
토하고싶어서 했더니 위액만 토하고 😢
맥주한캔먹었는데..."
Negative,0.9831039905548096,음?
Negative,0.990435779094696,뭐지...
Negative,0.9759746789932251,진짜 술이 문젠가보네..
Negative,0.9457814693450928,나 어디아픈건아니겠지..?
Negative,0.979582667350769,당분간 술 완전히 끊고
Positive,0.8838669657707214,검진 잘 받아보자
Negative,0.8873321413993835,웅웅
Negative,0.9729549288749695,너무 걱정하지 마요
Positive,0.5692596435546875,웅웅 ㅠ
Positive,0.9066441655158997,통화할수있어?
Negative,0.9646599888801575,수액 맞고 있어??
Positive,0.6048675179481506,웅!
Negative,0.9750103950500488,병원 나오면 연락해
Negative,0.7743169665336609,나와서 약타서 집가는중
Positive,0.5682928562164307,아직 어지럽고 토할거같긴해 ㅠㅠ
Positive,0.9894744157791138,일단 점심 간단히 먹고 바로 약 먹어요
Negative,0.5109642744064331,네~!
Negative,0.9736546277999878,오자마자 약 먹고 좀 자고 일어났어
Negative,0.7273438572883606,좀 괜찮아????
Negative,0.995180606842041,어지러운건 계속 그러네
Positive,0.8823131322860718,좀 쉬어봐요 ㅠㅠ 오늘 최대한 빨리 들어가볼게
Positive,0.8964561223983765,웅웅 고마워 ㅠㅠ
Positive,0.9857707023620605,나 이제 많이 괜찮아졌어요~
Negative,0.9792172908782959,그래???
Positive,0.8911308646202087,다행이다 ㅠ
Negative,0.9934518337249756,어지러운것도 거의다나은거같아
Negative,0.6659547090530396,약 기운이 도니깐 좀 괜찮나? ㅠㅠ
Negative,0.8944622874259949,"그런거같아 
그리고 아까 4시쯤에 죽 시켜서 먹었어~"
Positive,0.9805607795715332,연아연장반해서 그때까지 누워서 쉬었더니 많이 괜찮아진거같아
Negative,0.9228261709213257,여보 올때 포카리스웨트 하나 사다주세요
Negative,0.8524576425552368,큰거로
Negative,0.8094015717506409,배고픈데 이시간에 뭐 먹으면 안될거같아서 ㅠㅠㅎㅎ
Positive,0.7041873931884766,응 알았어!
Positive,0.9239180088043213,나 씻는중!
Negative,0.9466645121574402,사진
Negative,0.9842953681945801,15분거리를 1시간만에 도착했당ㅋㅋㅋ
Negative,0.5719161629676819,이제 30분 쉬었다가 애들 데리러가야해
Negative,0.9735856652259827,"폭설로 오늘 차량운행 못한다해서 채아 학원안보내려고 ㅎㅎ 
채아연아 다 데리고와야해 ㅎㅎ"
Negative,0.6542276740074158,아이고
Negative,0.9245189428329468,오늘은 완전 고생하겠네 ㅠㅠ
Positive,0.8991994857788086,애들 눈가지고 논다고 난리 칠듯 ㅋㅋ
Positive,0.8620797395706177,아마 데리고와서 밖에서 좀 놀다가 집에와서 바로 씻기면 될듯ㅋㅋㅋ
Positive,0.5692596435546875,웅웅 ㅋㅋㅋ
Positive,0.5050615668296814,ㅎㅎㅎㅎ
Positive,0.7440987825393677,난 아직 회사야
Negative,0.9788895845413208,오잉 언제출발해?
Negative,0.9459322094917297,4시쯤? ㅋ
Positive,0.9822636246681213,곧 출발하겠네!
Negative,0.9750891327857971,사진 2장
Negative,0.8642390966415405,동영상
Positive,0.9465227723121643,ㅋㅋㅋㅋ어제 주환이엄마가 귀엽다고 찍어줬어ㅋㅋㅋㅋㅋㅋ
Positive,0.989788830280304,엄청 귀엽다고 다들 난리 ㅋㅋㅋㅋㅋㅋ
Positive,0.6919849514961243,여긴 해뜬다 ㅋㅋㅋ
Positive,0.5039546489715576,쨍쨍 ㅋㅋ
Positive,0.5050615668296814,ㅋㅋㅋㅋㅋㅋㅋㅋㅋㅋㅋ
Positive,0.9890128374099731,여기도 해난다!ㅋㅋ
Negative,0.9736039638519287,휴지가 필요해
Positive,0.9128258228302002,이제 내시경 대기중
Positive,0.8633596897125244,난 이제 내시경 센터로 간다
Positive,0.5050615668296814,ㅋㅋㅋㅋ
Negative,0.9897119998931885,난 진료끝나고 mri검사대기중
Negative,0.9831039905548096,음?
Negative,0.9852440357208252,mri도 받으래?
Negative,0.8873321413993835,웅웅
Positive,0.5039546489715576,로비에ㅜ있을게 ㅋ
Negative,0.9584892988204956,웅웅 너무졸리다 ㅠㅠ
Negative,0.8477608561515808,나 치과 검진도 있다니깐 하고 있을게
Negative,0.8873321413993835,웅웅
Negative,0.9115305542945862,나도 치과아직안했는데
Negative,0.9966027736663818,검사 끝났어?
Negative,0.6991904973983765,끝났으면 이리 와요
Negative,0.9344437718391418,아니 아직 대기중 ㅠㅠ
Negative,0.8880100250244141,응 알았오 ㅋㅋ
Positive,0.9291043281555176,5번째야
Negative,0.9832113981246948,ㅠㅠ 엄청오래걸리네
Negative,0.9363031983375549,어흑 어래 걸리는 구나 ㅠㅠ
Negative,0.9712299108505249,끝났니? ㅋ
Positive,0.9028284549713135,이제 들어간등
Negative,0.9827942848205566,치아검진??
Negative,0.9909430146217346,MRI??
Negative,0.8078058958053589,mri
Negative,0.7267683744430542,알았어요 ㅋㅋ
Negative,0.8856177926063538,내일 오전에 나 미용실 다녀와도 될까?
Negative,0.8835646510124207,면접 전에 머리를 잘라야 할 것 같은데
Negative,0.9530526995658875,그래요~!
Negative,0.9857956171035767,"예약미리하는게
좋지않을까?"
Positive,0.8205984830856323,지금 하려고 ㅋ
Positive,0.5692596435546875,웅웅 ㅎㅎ
Negative,0.9944726824760437,10시에 예약함
Positive,0.9387865662574768,다녀와용 ㅎㅎ
Negative,0.9558035731315613,ㅇㅇ 그리고 스벅 증정품은
Negative,0.8787186741828918,뭘로 할까?
Negative,0.9466645121574402,사진
Positive,0.5050615668296814,프리퀀시
Negative,0.9298070073127747,초록세모램프?!
Positive,0.5535699725151062,오케이 ㅋ
Negative,0.9862478375434875,램프 없다
Negative,0.9948790073394775,없어
Negative,0.9739336967468262,예약 가능한 매장이 없어
Negative,0.9875425100326538,이미 다 끝난듯
Negative,0.9708559513092041,플래너나 받을래? ㅋㅋ
Negative,0.9505864381790161,핑크 플래너? ㅋ
Positive,0.5050615668296814,그래용ㅎㅎㅎ
Negative,0.7283212542533875,응 ㅋ
Positive,0.8267379999160767,잠바 전화해봤어용?
Positive,0.5617440342903137,아 해봐야겠다
Negative,0.9873353838920593,고마워요
Positive,0.9584656357765198,넹!
Positive,0.6678420901298523,오늘 점심 뭐먹었어요?
Positive,0.7036293745040894,해장국 먹었음요 ㅋ
Positive,0.9213070869445801,알겠어 ㅎㅎ 저녁 감자수제비 괜찮지?
Positive,0.8959936499595642,응응!
Positive,0.9646245837211609,웅웅!ㅎㅎ알겠엉
Positive,0.8109242916107178,채아 괜찮아?
Positive,0.7375009059906006,좀 괜찮아진거 같애
Positive,0.9229552149772644,다행이네 ㅠㅠ
Positive,0.6575278639793396,아이고 ㅠㅠ
Positive,0.9513702392578125,다들 잠듬
Negative,0.9635095596313477,고생했어요~!
Negative,0.9508379697799683,쉬고있엉?
Negative,0.7283212542533875,응 ㅋ
Positive,0.9876453280448914,12시30분에 출발하려고!
Positive,0.992176353931427,맥주4잔째 마시고있어!
Negative,0.7834969758987427,알았오 ㅋ
Positive,0.5050615668296814,택시탔엉ㅅㅇ
Negative,0.9796004891395569,엥?
Negative,0.9946523904800415,왜?
Negative,0.8187723755836487,사실….
Negative,0.9848167300224304,...?음?
Negative,0.9466645121574402,사진
Negative,0.9861489534378052,이러고 있음 ㅋㅋㅋㅋ
Positive,0.5050615668296814,ㅋㅋㅋㅋㅋㅋㅋ
Positive,0.5050615668296814,좋구만ㅋㅋㅋㅋㅋㅋ
Positive,0.5050615668296814,ㅋㅋㅋㅋㅋㅋㅋㅋㅋㅋㅋ
Negative,0.9731788635253906,내가 더 늦게올줄알았구나
Negative,0.9696875810623169,그냥 놀다보니?? ㅋㅋ
Positive,0.5039546489715576,ㅋㅋㅋㅋㅋㅋㅋ이제  예술공원지하차도야ㅋ
Positive,0.71278977394104,오키 ㅋ
Positive,0.8512789011001587,어여와 ㅋ
Positive,0.771537184715271,핸드폰을 집에 두고와서
Positive,0.6548124551773071,다녀오느라 좀 늦는중!
Negative,0.9466645121574402,사진
Positive,0.9897466897964478,"우리는
잘 도착했어!ㅎㅎ"
Positive,0.9903136491775513,나도 잘 도착했어
Negative,0.9194345474243164,끝나면 연락할게요
Positive,0.9584656357765198,네넹!
Negative,0.8899452686309814,여보 커피한잔 사갈까?
Negative,0.9269358515739441,여보
Negative,0.9147152900695801,커피한잔 사갈까?
Negative,0.9970281720161438,아니
Positive,0.5145998597145081,쿨라임피지오
Positive,0.5050615668296814,아하ㅋㅋㅋ오키도키
Negative,0.9416302442550659,혹시 연아 야옹이 여보 차에 있을까요?
Negative,0.9466645121574402,사진
Positive,0.9879025816917419,집에서 찾았다!ㅎ
Positive,0.5050615668296814,ㅋㅋㅋㅋ
Negative,0.9750891327857971,사진 2장
Negative,0.9840773344039917,뭔가 뭉클했다 ㅋㅋ
Positive,0.9835816621780396,선생님이 확실히알려줬네
Negative,0.9093472957611084,그러니깐 ㅋㅋ
Negative,0.8473895192146301,오늘은 몇시쯤와?ㅎㅎ
Positive,0.9809280037879944,집에서 저녁 먹으려고 ㅋ
Positive,0.9359247088432312,알겠어!ㅎㅎ
Negative,0.8840904235839844,점심에 뭐먹었엉?
Negative,0.9020473957061768,김치찌개 ㅋ
Positive,0.9609516263008118,나 감기기운이있어서 나가서 먹을까 생각중인데 괜찮아?
Negative,0.9466645121574402,사진
Negative,0.9312660694122314,두둥
Positive,0.8796911239624023,오!!!
Negative,0.9312660694122314,두둥
Positive,0.7473576068878174,멋쟁이구만
Positive,0.9883290529251099,ㅋㅋ 성대에서 소박맞고 서강대 가기
Positive,0.5050615668296814,ㅋㅋㅋㅋㅋㅋㅋㅋㅋㅋ
Negative,0.9731925129890442,사진 3장
Positive,0.5050615668296814,귀엽지ㅋㅋㅋㅋㅋㅋ
Positive,0.5050615668296814,ㅋㅋㅋㅋㅋ
Negative,0.9829813838005066,클났네 ㅋㅋㅋ
Negative,0.9948399662971497,왜?ㅋㅋ
Positive,0.9756444096565247,귀여워서 ㅋㅋ
Negative,0.8084872364997864,주말 언제 나가기로했어?
Negative,0.604136049747467,토요일날 잠깐 갔다 올까 하고
Positive,0.9570872187614441,웅 알겠어!
Negative,0.9466645121574402,사진
Negative,0.956679105758667,고기왔다!ㅎㅎ
Positive,0.5050615668296814,ㅋㅋㅋㅋ
Negative,0.9391629099845886,여보 자고있어..?
Positive,0.9036270976066589,일어나면 연락줘~ㅎㅎ
Negative,0.9535638689994812,잠 깼어?ㅎㅎ
Negative,0.7283212542533875,응 ㅋㅋ
Negative,0.8485823273658752,장봐놓을까?
Negative,0.9409375786781311,여보 오늘 운동가나? ㅋ
Negative,0.9865579009056091,웅 왜용?
Negative,0.7561413645744324,날짜 바꿔도돼ㅎㅎ
Negative,0.980480432510376,뭐 부탁할일있엉?
Negative,0.8040726780891418,몇시에 가는데? 일단 살펴 보고
Positive,0.8555911779403687,12시!
Negative,0.6384570002555847,근데뭐길래..?ㅎ
Negative,0.9604615569114685,아 옷을 좀 가져다 달라고 할까 했었는데 잠만.. ㅠㅠ
Positive,0.9663981795310974,아~ 오키도키 연락줘!
Negative,0.9791425466537476,음 내 네오와이즈 티셔츠좀 가져다 줄래? ㅠㅠ
Negative,0.9466645121574402,사진
Negative,0.9066992402076721,지금가면돼?
Negative,0.8999024629592896,ㅇㅇ 그거 ㅋ
Negative,0.9671811461448669,응 그래요 와서 점심 같이 먹자 ㅋ
Positive,0.9584656357765198,넵!
Negative,0.9836463928222656,회사주소 한번만 알려주세용
Positive,0.9041116237640381,대왕판교로 815
Negative,0.9885761141777039,30분걸린다 ㅎㅎ 도착하면 연락할게
Positive,0.9584656357765198,넵!
Negative,0.715153157711029,도착
Negative,0.9889305233955383,주차장이야
Negative,0.7407799363136292,7층으로 올라오시면 됩니다. ㅋ
Positive,0.9328086376190186,같이 점심 먹자고 하시네 ㅋ
Negative,0.5244383811950684,앗 ㅋㅋㅋ
Positive,0.888614296913147,7층 올라오는 엘베가 따로 잇어
Positive,0.5050615668296814,알겠엉ㅋㅋ
Negative,0.9117048382759094,"2,3,4호기나 7,8,9호기 ㅋ"
Positive,0.9584656357765198,넹!
Negative,0.960562527179718,아무 엘베나 일단 들어가면 지도가 있을거야 ㅋ
Negative,0.9237335324287415,올라와서 연락줘요 ㅋ
Positive,0.9856153726577759,내일 12시 이춘복 참치!
Positive,0.5424782037734985,오호
Negative,0.742264986038208,참치 무한 리필이라
Positive,0.8677687048912048,아침 거르고 오라고 하시네 ㅋ
Positive,0.7475571632385254,알겠습니다 ㅎㅎㅎ
Positive,0.8910771012306213,여보 내일은 퇴근 일찍하고올수있어?
Positive,0.5731019973754883,내일… 회식인데 ㅠㅠ
Negative,0.9808886647224426,아 그래?오키도키
Negative,0.9345225691795349,혹시 가능한지 물어본거예용 ㅎ
Positive,0.6828288435935974,수요일은 가능
Positive,0.9588080644607544,금요일도 가능
Positive,0.9043917655944824,"오늘 운동을 내일로 미뤘는데 
내일낮에도 일정이생겨서 물어본거야 ㅎㅎ"
Negative,0.9317989945411682,그렇군 ㅠㅠ
Negative,0.7912725806236267,낮수업을 밤수업으로 들을까하고 ㅎㅎ
Positive,0.9330312609672546,괜찮아용 ㅎ
Positive,0.9584656357765198,네넵!
Negative,0.7894681692123413,오늘은 일찍안오시나유
Positive,0.909364640712738,이제 슬슬 가야지 ㅋ
Negative,0.98382967710495,오늘 여보가 와서 갑자기 일이 이렇게 되어 버렸네 ㅋㅋ
Positive,0.5029227137565613,엥 ㅋㅋㅋ뭐지 ㅋㅋ
Negative,0.8395923376083374,멀라 여보 오니깐 갑자기… 다들 모이자고 ㅋㅋ 오늘 정함 ㅋㅋ
Negative,0.9871834516525269,ㅋㅋㅋㅋㅋ내일은 네부부 모이는건가요?
Positive,0.5039546489715576,넵 ㅋ
Negative,0.812951385974884,난 9시쯤 출발할듯 ㅋ
Positive,0.5039546489715576,네넹 ㅎㅎ
Negative,0.9466645121574402,사진
Negative,0.9466645121574402,사진
Positive,0.9132154583930969,난 애들이랑 아크어때 다녀오는중 ㅎㅎ
Negative,0.9275805354118347,ㅋㅋㅋ 그렇군 ㅋㅋ
Positive,0.8289082646369934,오늘 일찍 자긴 글렀군 ㅋ
Negative,0.9677785634994507,후 힘들다 ㅋㅋㅋ
Negative,0.9466645121574402,사진
Positive,0.5050615668296814,주차장가는중ㅎㅎ
Positive,0.9366554021835327,저녁 먹고 갈게 ㅋ
Negative,0.8216670751571655,오늘 저녁에 와인이나 한잔 할까?
Positive,0.5050615668296814,좋아용ㅎㅎ
Positive,0.9354156255722046,애들 일찍 재워봐야겠다 ㅎㅎ
Negative,0.5653666257858276,응응 ㅋ
Positive,0.991773784160614,난 오늘 애들 크리스마스 선물 사러 다녀오려고!ㅎㅎ
Negative,0.936747133731842,"채아는 책이랑
또 뭘사줘야하지?"
Negative,0.9309673309326172,음…
Positive,0.5039546489715576,글쎄…
Negative,0.5419221520423889,방수되는 부츠를 하나 살까
Negative,0.8759499192237854,지금 신는거 방수안되더라고
Positive,0.9088431596755981,그래도 좋고
Positive,0.9408352971076965,웅웅 롯데아울렛왔엉
Positive,0.9852810502052307,밥먹고 둘러보려고 ㅎㅎ
Positive,0.9534949064254761,"대형 키즈카페 추천 디스커버스 의왕 체험교육 테마파크 아이와 가볼만한곳 추천
출처 : 달감나무 | 블로그"
Negative,0.9843692779541016,방어나 먹을까??
Positive,0.9818817973136902,오 좋지!ㅎㅎ
Positive,0.6323314905166626,방어방어
Negative,0.9382098317146301,생활비 확인했어요!
Negative,0.848476231098175,언제출발해?ㅎㅎ
Negative,0.8342674970626831,이제 곧??
Positive,0.6970754861831665,오키도키
Negative,0.9943114519119263,45번 들어감
Negative,0.8873321413993835,웅웅
Positive,0.9556846618652344,2번째당
Negative,0.9836964011192322,우리 48번이지?
Negative,0.8873321413993835,웅웅
Negative,0.9314114451408386,앞에 2팀 남았네 ㅋ
Negative,0.9466645121574402,사진
Negative,0.777895987033844,아흑 ㅠㅠ
Negative,0.9307528138160706,이브에 여기 오는게 너무 모험이었나
Positive,0.5050615668296814,회전률극악ㅠㅠ
Negative,0.9846965074539185,채아 태권도를 보내는게 아니었어 ㅋㅋ
Positive,0.9876882433891296,기다린게 아까우니 맛나게먹쟈
Negative,0.8518463373184204,그래야지 ㅋㅋ
Negative,0.8069093823432922,메뉴는 좀 봤엉?ㅎㅎ
Negative,0.9466645121574402,사진
Negative,0.9955884218215942,46번 들어감
Negative,0.9466645121574402,사진
Positive,0.9841240048408508,이제 다음이다!ㅋㅋㅋ
Positive,0.5274548530578613,배고파아 ㅠㅠ
Negative,0.9649077653884888,메뉴는 메뉴판을 보고 ㅋㅋ
Positive,0.5050615668296814,웅웅ㅋㅋㅋㅋ
Positive,0.9235840439796448,애들 랍스터 먹을까?
Negative,0.9223667979240417,"글쎄...채아는
먹을거같아 ㅎㅎ"
Positive,0.5050615668296814,ㅋㅋ
Negative,0.6613408327102661,여보 우리차례
Positive,0.6991479992866516,애들좀
Negative,0.902539074420929,들어오면 연락해
Negative,0.8962749242782593,가는중
Positive,0.5169100165367126,우리나왔어
Positive,0.8504326939582825,신발신는곳에 있어용
Negative,0.8343726396560669,정산소앞에 앉아있는중 ㅎㅎ
Negative,0.9306706190109253,채아자?
Positive,0.7691479325294495,아직
Positive,0.8986581563949585,곧 잘거같음
Positive,0.5039546489715576,ㅇㅇ ㅋㅋ
Negative,0.9835083484649658,스벅으로와
Negative,0.9466645121574402,사진
Negative,0.9621292948722839,사진 4장
Negative,0.9654203653335571,내려왔다 ㅋ
Positive,0.5050615668296814,ㅋㅋㅋㅋㅋㅋ우왕ㅋㅋㅋ
Negative,0.9804152250289917,아흑 힘들어 ㅋ
Positive,0.9448474645614624,해장국 먹고 갈게 ㅋㅋ
Positive,0.5050615668296814,ㅋㅋㅋㅋㅋㅋㅋ그래요ㅋㅋㅋ
Negative,0.9812424182891846,"간소고기
상추
고추장"
Negative,0.5357796549797058,오이
Positive,0.8303073048591614,애호박
Positive,0.9366554021835327,저녁 먹고 갈게 ㅋ
Positive,0.9821633696556091,오늘도 저녁 먹고 갈게요 ㅠㅠ
Negative,0.995154619216919,삭제된 메시지입니다.
Negative,0.995154619216919,삭제된 메시지입니다.
Positive,0.9358372092247009,안녕!ㅎㅎ 우리는 일어났당ㅋㅋㅋ
Positive,0.8586820960044861,이제 머나먼하늘길을 날아오겠구만
Negative,0.9047194123268127,응 ㅋㅋㅋ 그러겠지 ㅋㅋ
Negative,0.8242626190185547,아 졸려 ㅋㅋ
Positive,0.5418930649757385,ㅋㅋㅋ비행기에서 푹 자
Negative,0.5653666257858276,응응 ㅋㅋ
Positive,0.8959798812866211,난 이제 슬슬 연아 깨워야겠다 ㅎㅎ
Negative,0.964758038520813,차에서 1시간 반 재웠당ㅋㅋㅋ
Positive,0.9049627184867859,잘했다 ㅋㅋ
Positive,0.9505416750907898,난 이제 비행기탐 ㅋ
Positive,0.9708651900291443,웅웅!알겠어용!
Positive,0.9550607204437256,전화할게요 도착하면 ^^
Positive,0.9562211632728577,네넹!ㅎㅎ
Negative,0.9466645121574402,사진
Positive,0.9815199375152588,조심히와!ㅎㅎ
Negative,0.9466645121574402,사진
Negative,0.7499245405197144,오 대박 옆에 사람 안타는거 같야
Positive,0.7466030120849609,오오오오
Positive,0.9081323146820068,편하게 가겠다 ㅋㅋ
Positive,0.9048253893852234,욜 좋다좋다
Positive,0.9436975717544556,대박이군 ㅋㅋㅋ
Negative,0.9860301613807678,창가자린데 가운데 비어서 ㅋㅋ
Positive,0.5050615668296814,오ㅋㅋㅋㅋㅋ좋다
Negative,0.9350485801696777,이제 비행기 떠?
Positive,0.9682667255401611,엄청 편하게 가겠군 ㅋㅋㅋㅋ
Positive,0.9283154010772705,응 이제 뜰듯 ㅋㅋ
Positive,0.5039546489715576,푹자고 도착해랏ㅋㅋㅋ
Positive,0.7688472867012024,오케이! 그럼 난 이만 뿅 ㅋ
Positive,0.9584656357765198,뿅!
Positive,0.8758278489112854,잘 도착했어?
Positive,0.5050615668296814,짐찾고있을거같넹
Positive,0.8374325633049011,이제 내림 ㅋ
Negative,0.9969369173049927,일어났어?
Positive,0.9410455226898193,웅웅 아까 깼어!
Negative,0.9191938638687134,나 큐코드 받고 해야해사
Negative,0.9249370098114014,이따가 연락할게 ^^
Negative,0.8642390966415405,동영상
Positive,0.9668465256690979,애들 아우터 사온거 입혀봤엉ㅋㅋ
Positive,0.5050615668296814,ㅋㅋㅋㅋㅋㅋ
Positive,0.9783774018287659,귀엽다 ㅋㅋㅋㅋ
Positive,0.9815726280212402,ㅋㅋㅋ둘다 맘에 들어해서 다행이야
Negative,0.9304088354110718,왠일로 연아가 노란색을? ㅋ
Negative,0.9617921710014343,내가 사왔지 ㅋㅋㅋㅋㅋ
Negative,0.5448912978172302,오늘은 집에오면 거실에있어용....ㅎ
Positive,0.8445513844490051,오늘 잘 갔어?
Positive,0.6266682147979736,응 ㅋ 지금 올라가는길 ㅋ
Positive,0.954883337020874,다행이네!
Positive,0.9418876767158508,이제 사무실 도착 ㅋ
Negative,0.9269358515739441,여보
Positive,0.9284141659736633,이따가 나 데리러 올 수있어? ㅋ
Positive,0.9206421971321106,차 놓고 감 ㅋ
Positive,0.9152458310127258,웅웅 ! 언제갈까?
Positive,0.9800961017608643,애들 데리고 와 ㅋ
Positive,0.9304892420768738,여기서 저녁 먹고 들어가자 ㅋ
Positive,0.5050615668296814,그래용ㅎㅎ
Negative,0.9546165466308594,그래요 ㅋ
Negative,0.9819467663764954,그럼 채아 학원끝나고가면되는거지?ㅎㅎ
Negative,0.9546165466308594,그래요 ㅋㅋㅋ
Negative,0.9604810476303101,출발할 때 연락해
Positive,0.9581032395362854,출발!
Negative,0.9666279554367065,여보 통화가능해용?
Positive,0.7339310050010681,이모티콘
Negative,0.9736661314964294,응 전화해
Negative,0.9495065212249756,네이버 초대 했으니 수락해요 ㅎ
Positive,0.5424782037734985,오호
Negative,0.750873863697052,이걸로 티빙 볼 수 있는듯
Negative,0.9685564041137695,나 회사에서 네이버로 물건 많이 사서 가입한건데
Positive,0.960580050945282,패밀리 초대 가능하다 해서
Positive,0.9907360672950745,오 좋다!ㅋㅋㅋ 벌거벗은한국사 광고보기 싫어서 안보고있었는데!ㅋㅋ
Positive,0.9760951995849609,광고없이 볼수있겠군!ㅋㅋㅋ
Positive,0.5050615668296814,ㅋㅋㅋㅋㅋ
Negative,0.8544694185256958,그거 설정 내가 해야하는거 있으면 알려줘
Positive,0.9562211632728577,네넹!ㅋㅋ
Negative,0.9466645121574402,사진
Positive,0.9700958728790283,감사히 잘 쓰겠다고 전해주세용!ㅎㅎ
Negative,0.7834969758987427,알았오 ㅎ
Positive,0.5050615668296814,웅웅ㅋㅋㅋ
Negative,0.9653034806251526,나 내일 머리좀 자르고 올게
Negative,0.958624541759491,몇시에?ㅎ
Negative,0.9719125032424927,11시?
Negative,0.9232475757598877,채아랑 다녀올게 ㅋ
Negative,0.7777981758117676,한 30분 걸릴텐데 ㅋ
Negative,0.9749329686164856,아니면 10시 30분에 가도 대고
Negative,0.8007583022117615,웅웅 12시부터 자리맡아놓는게 가능하다고 하더라고
Negative,0.9799986481666565,아 어린이집에?
Positive,0.930852472782135,앞자리 맡아놓고 밥먹으러 다녀오면 될거같긴해 ㅎㅎ
Negative,0.918170154094696,ㅇㅇ 그래 알았오 ㅋ
Negative,0.9718326926231384,그럼 10시 반에 갔다올게
Negative,0.6666833162307739,재롱잔치 하는곳에 ㅎㅎ
Positive,0.9646245837211609,웅웅!ㅎㅎ
Negative,0.9466645121574402,사진
Positive,0.5050615668296814,ㅔㅔ
Positive,0.9078785181045532,연아랑 잘 있어? ㅋ
Negative,0.9466645121574402,사진
Negative,0.7540597915649414,ㅋㅋㅋ점심먹고 이마트 장보고 계산중이야 ㅎㅎㅎ
Negative,0.9275805354118347,ㅋㅋㅋㅋ 그렇군 ㅋㅋ
Positive,0.9359835982322693,여긴 아직 결혼식중 ㅋ
Negative,0.7678185701370239,채아 배고프다고 하고있을거같다 ㅎ
Positive,0.9282599091529846,이제 곧 내려갈듯 ㅋ
Negative,0.9600058794021606,지금 정신이 없다 ㅋㅋ
Positive,0.6513463854789734,ㅋㅋㅋㅋㅋㅋㅋㅋㅋ이따 출발할때 연락줘요ㅋㅋ
Positive,0.9653818011283875,스픽 같이 해요! 스픽을 통해 영어 스피킹을 제대로 할 수 있게 되었어요! 제 링크를 통해 가입하시고 2만원 할인 받으세요.
Positive,0.9594720005989075,그리고 네이버 플러스 멤버십도 여보가 콘텐츠 사용할 수 있도록 했어
Positive,0.8916665315628052,여기서 티빙 설정할 수 있을거야
Positive,0.9646245837211609,웅웅!ㅋㅋㅋ야호신난당ㅋㅋ
Negative,0.870529055595398,스픽도 저걸로 신청하면 될거야 ㅋ
Negative,0.5840359926223755,스픽은 해봤어? ㅋ
Positive,0.9646245837211609,웅웅! 해봤어ㄹㅎ
Positive,0.5050615668296814,재밌당ㅋㅋㅋ
Positive,0.9004360437393188,꾸준히 하면 도움 많이 될거야 ㅋㅋ
Negative,0.7772203087806702,이야기하는걸 많이 해봐 그게 도움이 많이 될거야 ㅋ
Positive,0.9847699403762817,확실히 말하면서 하니까 외워지는거같다
Positive,0.9677765965461731,ㅋㅋ 일단은 외우는 것보다 영어로 말하는 게 익숙해지도록 계속 연습해봐 ㅋ
Positive,0.9562211632728577,넹!ㅎㅎㅎ
Negative,0.9515981674194336,외우면 제일 좋지만 그렇다고 너무 외우는거에 스트레스 받지마요 ㅋ
Negative,0.863821268081665,재밌어서 30분정도 한거같아 ㅋㅋㅋㅋ
Positive,0.7634261846542358,그래 좋네요 ㅎㅎ
Negative,0.8110897541046143,아 네이버 플러스는 그거 해봤어?
Negative,0.9927734732627869,티빙?
Negative,0.964901328086853,아 선택 잘못해서 요번달 웹툰쿠키로 설정했어 ㅋㅋㅋㅋ
Positive,0.8881011009216309,다음달에는 티빙으로 하려고 ㅋㅋㄴ
Positive,0.5050615668296814,ㅋㅋㅋㅋ
Negative,0.9545902609825134,이거 그냥 웹툰을 보겠다는 의도인듯 ㅋ
Positive,0.5050615668296814,ㅋㅋㅋㅋㅋㅋㅋㅋㅋㅋ
Negative,0.9727199077606201,아니야 ㅋㅋㅋㅋ
Positive,0.8399888873100281,저녁 먹고 걈 ㅋ
Negative,0.9140025973320007,난 놀이터야...ㅋㅋㅋ
Negative,0.9317989945411682,그렇군 ㅠㅠ
Positive,0.9272912740707397,화이팅 ㅠㅠ
Negative,0.8091076612472534,하영이랑 하율이가 채아랑 놀이터에서 놀고싶다고해서 ㅋㅋㅋ나왔어
Negative,0.9308282136917114,그렇군 ㅋㅋ 연아는 그럼 혼자 놀아? ㅋ
Negative,0.9790224432945251,연아도 병아리처럼 같이 껴서 노는중ㅋㅋ
Positive,0.5050615668296814,ㅋㅋㅋㅋㅋㅋ
Negative,0.9745559096336365,많이 컸네 ㅋㅋㅋㅋㅋ
Negative,0.9750891327857971,사진 2장
Positive,0.5050615668296814,ㅋㅋㅋㅋㅋ
Negative,0.9558195471763611,집에없어용 이따 관리사무소에도 다녀와볼게
Negative,0.9915801286697388,분실물 들어온거 있는지
Negative,0.9069294929504395,어딨지..
Negative,0.9834331274032593,차에 한번 볼게
Negative,0.9954403638839722,차 제대로 안봐서
Positive,0.5050615668296814,네넹
Negative,0.9176467657089233,관리사무소에 분실물들어온건 없대 ㅠㅠ
Negative,0.9419204592704773,하아..
Positive,0.5047839879989624,어디있지 ㅠㅠ
Positive,0.6156483888626099,알았어 고마워 ㅠㅠ
Positive,0.5692596435546875,웅웅 ㅠㅠㅠㅠ
Negative,0.995154619216919,삭제된 메시지입니다.
Positive,0.9738315939903259,여보지갑찾았다!
Negative,0.9466645121574402,사진
Positive,0.5029227137565613,ㅇㅇ 땡큐 ㅎㅎ
Negative,0.9770979881286621,나 회의중
Negative,0.9114426374435425,"계란
당근
파프리카 or 피망"
Positive,0.8934161067008972,아침햇살
Negative,0.9466645121574402,사진
Negative,0.915986180305481,"다 펼쳤을때 세로 195 가로 148

가운데 세로 195 가로 88"
Negative,0.9529916644096375,그럼 양 날개중에 하나만 합치면 120이 되겠네
Negative,0.7392367720603943,그러면 딱 넣을 수 있기는 한데..
Negative,0.9969087243080139,흐음
Negative,0.9734352827072144,일단 일룸에 문의좀 넣어주세요
Positive,0.6508165001869202,"캐빈
하부공간 세로 200 가로 105"
Negative,0.9750891327857971,사진 2장
Negative,0.9835684895515442,앞꺼가 에디 뒤에가 캐빈
Negative,0.8691171407699585,에디꺼가 옆으로 조금더 튀어나오는거 빼고는 괜찮을거같은데?
Negative,0.8750647902488708,살짝 튀어나오는거 아냐?
Positive,0.9318395853042603,웅웅 살짝
Negative,0.9236329197883606,가로 길이가 좀 더 늘어낫네
Negative,0.9018622040748596,에디가
Positive,0.905076265335083,가드 높이도 살짝 작은거 빼고는
Positive,0.7795714139938354,괜찮을거같아
Positive,0.748526394367218,괜찮을 것 같은데
Negative,0.7364699840545654,잠만
Negative,0.8873321413993835,웅웅
Negative,0.9030051231384277,에디 슬라이딩 내경은 안나왔어?
Negative,0.9889973402023315,사이즈가 얼마인지?
Negative,0.8873321413993835,웅웅
Negative,0.9635416269302368,저게 끝이야
Negative,0.7078367471694946,아 잠만
Positive,0.5050615668296814,ㅇㅇ
Negative,0.8900477886199951,웅웅 내경은 안나와있당 ㅠ
Negative,0.9424416422843933,10cm가 커진거네
Negative,0.98592209815979,리뉴얼 되면서
Negative,0.9374585747718811,재볼까나
Positive,0.7784932255744934,ㅇㅇ 10cm면 그래도 꽤 나올것 같긴 한데
Negative,0.9466645121574402,사진
Negative,0.9948664903640747,책장선만큼 튀어나온당
Positive,0.9655940532684326,"[신세계몰]
멀티 싱글 하부침대 / 슬라이딩침대"
Positive,0.6397852301597595,이거 괜찮을 것 같은데 ㅋㅋ
Negative,0.963773250579834,고민이 되는군
Negative,0.9068978428840637,뭘 사야할지
Positive,0.918885350227356,이따가 집에가서 이야기해보자
Positive,0.9584656357765198,네넹!
Negative,0.8642390966415405,동영상
Positive,0.8497282266616821,앞자리 아기가 있어서 밤 키링 하나 쥐어줬더니 엄청 잘놀았어ㅎㅎㅎㅎ
Negative,0.8871031403541565,대전 도착해서 스튜디오로 가는중 ㅎㅎ
Positive,0.9590910077095032,사진 다 찍고 양현이네 가는중!ㅎㅎ
Negative,0.6248130202293396,안성은 잘 도착했어?ㅎㅎ
Negative,0.8265718221664429,응 ㅋ 애들은 지금껏 놀다가 뽀로로 영화 틀어줌
Positive,0.5050615668296814,웅웅ㅎㅎㅎ
Positive,0.6746979355812073,쁘이
Negative,0.9466645121574402,사진
Negative,0.9594640731811523,"난 기차타러왔어!ㅎㅎ 2시9분차 타고 출발해서
2시 59분 도착!"
Positive,0.856199324131012,광명역에 ㅎㅎ 내가 채아 데리고갈수있을거같아 ㅎㅎ
Positive,0.8910403847694397,채아 집에 미끄럼방지양말 미리 신겨주세용
Positive,0.6737000942230225,ㅇㅇ 알았어 ㅋ
Positive,0.9829859137535095,교회에서 오는중이라 전화준다고 하네용!
Positive,0.7593162655830383,보이스톡
Negative,0.9923266172409058,취소
Negative,0.9750891327857971,사진 2장
Negative,0.914341151714325,효과가 좋군👍
Positive,0.9716715812683105,오 깨꿋한데!
Positive,0.9775928854942322,굿굿
Positive,0.9838473200798035,내일까지 말리고 재활용통 넣으려고!
Negative,0.9867469072341919,저기 세탁기 위는 손이 안닿지?
Negative,0.957963764667511,그건 내가 해야 할 것 같던데
Negative,0.9492865800857544,우리 사다리가 없어서
Negative,0.8746626377105713,미니사다리 하나 사놔야하나
Negative,0.9841028451919556,내가 늘어나라 팔로 닦아야 겠고만
Positive,0.7493085861206055,위에도 하긴해야겠어
Negative,0.8521182537078857,그래도 바르고 20분뒤에 거의다없어졌어 ㅎㅎㅎ
Positive,0.9788546562194824,조금 남은거 한번 더 발라서 없앴더니 깔끔햄 ㅎㅎ
Negative,0.9560122489929199,뭐 냄새는 안나고?
Negative,0.9822365045547485,물로 안닦아도 된대?
Negative,0.9846394062042236,락스냄새같은?
Positive,0.9880229234695435,행주에 물 뭍혀서 닦아냈어!
Negative,0.981620728969574,물로 닦아내거나 물에젖은 천으로 닦아내라고 되어있어서
Positive,0.9797012805938721,그래 굿! 잘했어요 ㅋ
Positive,0.9584656357765198,넹!
Positive,0.9787378907203674,아! 나 오늘 운동함 ㅋ
Positive,0.9223642945289612,오!!
Negative,0.9080614447593689,대단한데!ㅎㅎ
Negative,0.9188123345375061,그래서 일찍 나갔음
Positive,0.5050615668296814,ㅋㅋ
Negative,0.951138436794281,그래서 졸림 ㅋ
Negative,0.7788646221160889,ㅎㅎㅎㅎ 오늘은 일찍오나요?
Positive,0.5143535137176514,일찍 가보려고 노력중 ㅋ
Negative,0.7566471099853516,애들이 일어나자마자 “아빠는?”
Positive,0.5050615668296814,ㅋㅋㅋㅋ
Positive,0.5050615668296814,ㅋㅋㅋㅋㅋ
Negative,0.8157886862754822,어제 미팅이 늦게 끝나서 어쩔 수 없었음 ㅠ
Negative,0.9730842709541321,음..? 아빠 출근했지~! 엄마도 제대로 못봤당 ㅠㅠ
Positive,0.8359190225601196,하면서 ㅎㅎ
Positive,0.8611399531364441,오늘은 빨리 가볼게 ㅋ
Positive,0.983752965927124,"쿠팡을 추천합니다!
보스톤 어드밴스 렌즈 보존액


이거 사줘요"
Negative,0.8380356431007385,채아 졸업식날 나만 가?
Positive,0.6278127431869507,요번주 금요일이야
Negative,0.8751952052116394,몇시야
Negative,0.9874857068061829,??
Negative,0.8729854226112366,11시반
Negative,0.9139259457588196,출근했다가 가야겠다
Positive,0.856388509273529,알겠어!
Negative,0.9354044795036316,채아 초등학교 입학식이 몇시야?
Negative,0.8900359272956848,봐야해요
Negative,0.7297419905662537,종이
Positive,0.6550516486167908,그 일정에 좀 넣어줘
Positive,0.9598971009254456,"지금
밖이라 집에가서 할게!"
Negative,0.5855811238288879,오에킹
Negative,0.569199800491333,오케이
Negative,0.918492317199707,여보 오늘 늦게오지?
Negative,0.9966244697570801,무슨 일 있어?
Negative,0.960063636302948,아니 엄마 오셔서~!ㅎ
Positive,0.9687685966491699,늦게오는거면 애들이랑 저녁먹고 내가  모셔다 드리려구요!ㅎ
Negative,0.9008745551109314,광명역으로 ㅎ
Positive,0.8209654688835144,일찍 갈게 ㅋ 저녁 같이 먹자 ㅋ
Positive,0.9233310222625732,알겠어용 ㅎㅎ
Negative,0.9466645121574402,사진
Positive,0.8781517744064331,졸업식왔당 ㅎ
Negative,0.8752541542053223,오티 12시까지였네
Negative,0.8880100250244141,응 알았오 ㅋ
Positive,0.8536194562911987,새우 양송이버섯 올리브오일 와인
Positive,0.9578355550765991,넹! 태권도장에서 서영이랑 같이오느라 시간이 좀 더 걸리는중이야
Negative,0.8880100250244141,응 알았오 ㅋ
Negative,0.8802863955497742,어디야?ㅎ
Positive,0.9826570153236389,우리는 우리자리에 있어!
Negative,0.8802863955497742,어디야?ㅎ
Positive,0.9792627096176147,요앞 파도풀에 있을게!ㅎㅎ 유수풀말고!
Positive,0.9709308743476868,나 채아랑 유수풀 한바퀴 타고올게!
Negative,0.9063858985900879,음성메시지
Negative,0.5649636387825012,나 지금 야외프에 있어
Negative,0.9899513125419617,혹시 일어났니?
Negative,0.9875613451004028,일어났어!
Negative,0.786060094833374,화장대 위나 이런곳도 좀 봐줘 ㅠㅠ
Negative,0.9378379583358765,네네
Negative,0.9299225211143494,"화장대나 거실에는
없는거같아 ㅠㅠ"
Negative,0.9969087243080139,흐음
Negative,0.6869131922721863,어디갔지 ㅠㅠ
Negative,0.8257009387016296,큰일이네 ㅠㅠ
Positive,0.956189751625061,일단 알겠어요 내가 집에 가서 찾아볼게 ㅎ
Positive,0.9039780497550964,네네! ㅠㅠ
Negative,0.9466645121574402,사진
Negative,0.8311481475830078,이렇게 생긴거야
Negative,0.928496778011322,발견하면 바로연락줄게!
Negative,0.9256147742271423,응응
Negative,0.9695580005645752,책상은 왔어?
Positive,0.9324491620063782,오늘 5시 이후에 온다고했어!
Negative,0.9317989945411682,그렇군 ㅋ
Negative,0.938890278339386,3~4시라고 되어 있어서 온 줄 알았네 ㅋㅋ
Negative,0.782145082950592,여보는 카드 아직 못찾은거지?
Negative,0.9513202905654907,내 옷은 배송 됬다는데? ㅋ
Negative,0.9776641726493835,응 카드는 못찾았어
Negative,0.966812014579773,정 안되면 분실신고 해야지  ㅠ
Negative,0.9317989945411682,그렇군 ㅠㅠ
Negative,0.9735933542251587,혹시 내 택배는 안왔니? ㅋ
Negative,0.8977338075637817,옷 산거 왔다는데 ㅋ
Negative,0.9727417826652527,한번볼게!
Negative,0.5653666257858276,응응 ㅋ
Positive,0.9212943315505981,책상 설치하러 오셨당 ㅎㅎ
Negative,0.5043070912361145,오호 ㅋ
Negative,0.8735256791114807,이따가 다 설치하면 사진 한번 보내줘요 ㅋ
Positive,0.9584656357765198,넹!
Negative,0.9466645121574402,사진
Positive,0.8647228479385376,알리오올리오 해먹었는데
Negative,0.9920510649681091,욕심이 과했엉...ㅋㅋㅋ소스가 하나도 안보임ㅋㅋㅋㅋ
Positive,0.5050615668296814,ㅋㅋㅋㅋㅋ
Negative,0.688363790512085,오늘은 좀 많이 늦을 것 같애
Negative,0.6261651515960693,저녁은 먹었음 ㅠ
Positive,0.5050615668296814,알겠어요ㅜ
Negative,0.7283212542533875,응 ㅠㅠ
Negative,0.9065044522285461,힘내!!
Positive,0.5039546489715576,뉍 ㅋ
Negative,0.9809669256210327,오늘도 늦게오나용?
Positive,0.8355921506881714,채아한테 일찍 간다고 했어 ㅋㅋ
Positive,0.9246920943260193,아하 알겠어용 ㅎ
Negative,0.7283212542533875,응 ㅋ
Positive,0.9103515148162842,"저녁은
먹고와?
채아가 자기 태권도 끝날때 데리러와달라고해서 미리 물어보는거예요"
Negative,0.897773802280426,저녁은 집에서 먹을건데..
Positive,0.6448065638542175,난 채아 데리러 갈때 까진 못갈듯 싶은데 ㅋ
Negative,0.8051562309265137,아 그럼 알겠어요~!
Negative,0.5342745184898376,오늘 점심은 뭐먹었어?
Positive,0.9584656357765198,쌈밥!
Positive,0.9769101142883301,오늘 저녁은 간단히 먹고 애들 재운담에 한잔 할까나?
Negative,0.9518309235572815,그래요~!ㅎㅎ 내일 몇시에 나가?
Negative,0.9234970808029175,내일 4시까지 가야해
Negative,0.8642390966415405,동영상
Positive,0.7733298540115356,애들은 자니? ㅋ
Positive,0.9300004839897156,잔다! 우하하하
Positive,0.7993217706680298,낮잠을 안재웠지!하하하하하하하하
Positive,0.7411265969276428,오오오오오오
Negative,0.9845055937767029,대단해!
Positive,0.5050615668296814,✌️
Positive,0.573283851146698,뿌듯
Negative,0.9090742468833923,ㅋㅋㅋㅋㅋ 몇시부터 잔거야? ㅋ
Negative,0.819144070148468,이미 완전 기절했네 ㅋ
Negative,0.9518796801567078,9시40분?ㅎㅎ
Positive,0.5050615668296814,ㅋㅋㅋㅋㅋㅋㅋ
Negative,0.9712945818901062,고생했어 ㅋㅋ
Positive,0.9756739139556885,재우고 나와서 스픽하고
Negative,0.9466645121574402,사진
Negative,0.5834380984306335,이거 정리중ㅋㅋㅋ
Negative,0.9779213070869446,이거 애들이 정리한다고 하지 않았오?
Positive,0.8704968094825745,채아가 열심히 하긴했어 ㅋㅋㅋㅋ
Positive,0.9817760586738586,연아도 바닥에 흘린거 열심히 주웠고 ㅋㅋㅋㅋ
Negative,0.8868602514266968,그랬군 ㅋㅋ
Positive,0.923016369342804,ㅋㅋㅋ대화는 잘 하고있어?
Positive,0.9589457511901855,응 이제 이차 가려고 ㅋ
Positive,0.5050615668296814,웅웅ㅎㅎㅎ
Positive,0.9921289682388306,재밌게 놀고와!ㅎㅎ나도 이거 정리하고 한잔하고 자려고!ㅎㅎ
Negative,0.9756513237953186,응 알았어 너무 늦게는 안들어 갈게 ㅋ
Positive,0.8913938403129578,응!ㅎㅎ
Positive,0.8058061003684998,"알림장 수신

['안양호암초등학교' 알림장]

알림제목 : [학교공지] 안양호암초등학교 반편성 안내
발신자명 : 안양호암초등학교
회신번호 : 07071143704
학교공지 알림 : 
안녕하세요~ 신입생 반배정 알려드립니다. 해당 학생은 1학년 사랑반 배정되었습니다. 감사합니다. 

▶ 본 알림톡은 안양호암초등학교에서 발송되었습니다."
Negative,0.9920411705970764,이건 저번에 왔던거
Negative,0.9824607968330383,"알림장 수신

['안양호암초등학교' 알림장]

알림제목 : [학교공지] 늘봄 초1~2 맞춤형 프로그램 운영 안내 가정통신문
발신자명 : 안양호암초 늘봄교실
회신번호 : 07071143725
학교공지 알림 : 
<늘봄 초1~2 맞춤형 프로그램 운영 안내>
-3월 4일(화)부터 시작(신입생은 입학식 당일은 미급식인 관계로 참여 희망 시 도시락 지참)
-3월 4일에 <학생귀가방법> 제출
-자세한 사항은 첨부파일 및 가정통신문 참조(학교홈페이지-가정통신문)
-문의사항 : 늘봄교실(070-7114-3725)

▶ 본 알림톡은 안양호암초등학교에서 발송되었습니다."
Negative,0.9598109126091003,이건 방금 온거
Negative,0.5109642744064331,네~!
Positive,0.5755979418754578,근데 이거 알림장 나한테만 오는데 이거 둘다 오게 하던가 여보한테 가야하지 않아?
Negative,0.932217001914978,그니까 연락해봐야겠다
Negative,0.9546165466308594,그래요 ㅎㅎ
Positive,0.9016132354736328,오늘 애들 집에서 보는중이야
Negative,0.9819577932357788,음? 왜? 다들 감기 걸려서?
Negative,0.9968481659889221,연아도 채아도 콧물기침이 심해서 병원다녀왔어
Positive,0.5692596435546875,웅웅 ㅎㅎ
Negative,0.9317989945411682,그렇군 ㅠㅠ
Negative,0.9341389536857605,고생하겠네 오늘 ㅠㅠ
Negative,0.9279373288154602,다른애들한테 옮길까봐...ㅎ
Positive,0.9549685716629028,약먹이고 하루 쉬게하면 많이 괜찮아질거같아
Negative,0.9177103638648987,병원에서는 감기래?
Negative,0.9762048125267029,"채아는
코에 염증까지 생겼대 ㅠㅠ 연아는 목이 많이 부어있고"
Negative,0.8977484107017517,나도 약 처방받아왔어
Negative,0.8833209872245789,아이고… 이번엔 좀 오래간다 했더니만 또 역병이 도는구나
Negative,0.9364205598831177,그간 잠잠하다 싶었는데 이렇게 걸리네 ㅠㅠ
Negative,0.6818064451217651,그래 다들 약먹고 빨리 나아야지
Positive,0.5692596435546875,웅웅 ㅎㅎ
Negative,0.9891023635864258,하루가 너~~~무 길드아ㅋㅋㅋ
Positive,0.5050615668296814,으헉
Positive,0.6834046840667725,8시 안에는 갈게
Positive,0.8741365671157837,집에가서 밥 먹을거야
Positive,0.9419350624084473,이제 곧 출발
Negative,0.9701386094093323,오?ㅋㅋㅋ
Positive,0.988477885723114,월급날이라!
Positive,0.5050615668296814,ㅋㅋㅋㅋ
Negative,0.8861939311027527,"알림장 수신

['안양호암초등학교' 알림장]

알림제목 : [학교공지] 안양호암초등학교 아침늘봄 운영 안내
발신자명 : 안양호암초등학교
회신번호 : 07071143725
학교공지 알림 : 
[아침늘봄 운영 안내]
*3월 5일(수) 부터 시작합니다.
1.대상:희망자(아침늘봄이 꼭 필요한 경우)
2.운영시간  및 장소 : 7시40분~8시40분(2층 늘봄교실)
* 자세한 안내장은 2월 28일 알리미를 통해 보내드리겠습니다. 신입생은 학교 홈페이지를 통해 안내드릴 예정입니다. 
감사합니다.

▶ 본 알림톡은 안양호암초등학교에서 발송되었습니다."
Negative,0.99179607629776,또 이렇게 왔음
Positive,0.7032878398895264,네네!
Positive,0.7315830588340759,오늘 출근은 잘 했어?
Negative,0.9663889408111572,ㅇㅇ 회의중이라 이따가 연락할게
Positive,0.5050615668296814,응ㅎㅎ
Negative,0.9944384098052979,"알림장 수신

['안양호암초등학교' 알림장]

알림제목 : [학교공지] 2025년 아침늘봄 참여 희망 신청 가정통신문 발송
발신자명 : 안양호암초등학교 
회신번호 : 07071143725
학교공지 알림 : 
 안녕하십니까?
안양호암초 아침늘봄 프로그램 참여를 원하시는 학부모님께서는 3월 4일(화) 까지 참가신청서를 담임선생님께 제출하여 주시기 바랍니다.
 
 ? 운영 기간: 2025년3월 5일 ~ 2026년 2월 28일 

기타 자세한 사항은 학교 홈페이지/가정통신문에 탑재된 내용을 확인하시기 바랍니다.

▶ 본 알림톡은 안양호암초등학교에서 발송되었습니다."
Negative,0.9466645121574402,사진
Negative,0.9116737246513367,블랙박스에 계속 오류떠서 빼놨는데
Negative,0.9482161998748779,이거 같은거 사면되나?
Negative,0.9466645121574402,사진
Positive,0.9246774315834045,이거로 샀당
Negative,0.9466645121574402,사진
Negative,0.9950683116912842,뜯다가 부러트림.....
Negative,0.9091120958328247,크헝
Positive,0.5050615668296814,ㅠㅠ
Negative,0.9734219908714294,회의중이라 나중에 연락할게
Negative,0.8958471417427063,오늘 늦게오나부네
Negative,0.9089784622192383,응…. 집가서 이야기해줄게....
Negative,0.9793245196342468,휴우....
Negative,0.6133855581283569,저녁은 먹었어?
Positive,0.850104033946991,응 먹었어
Positive,0.5050615668296814,ㅎㅎ
Negative,0.9391771554946899,오늘 피곤하신가?
Positive,0.8917996287345886,오늘 한잔 해야겠어
Negative,0.6039101481437683,막내때문에
Negative,0.9780750274658203,휴우
Positive,0.856388509273529,알겠어!
Negative,0.9473406076431274,"알림장 수신

['안양호암초등학교' 알림장]

알림제목 : [학교공지] 늘봄  참여학생 귀가 안내장 작성시 참고하세요
발신자명 : 안양호암초등학교
회신번호 : 07071143725
학교공지 알림 : 
※ 오늘 학생 편에 보내드린 늘봄 안내장 작성하실 때 참고하시기 바랍니다. 
-정규 교육과정 운영 시간표가 시기에 따라 달라집니다. 아래 초1,2 맞춤형 종료시간과 선택형 교육(구, 방과후) 시간, 각 학생들의 학원시간 등을 참고하셔서 정확하게 적어서 보내주시면 감사하겠습니다.

▶초1~2 맞춤형 프로그램 시간
<1학년>
- 3.4.~3.17. (매일) 12:50~14:20 
- 3.18.~7.25 (수,금) 12:50~14:20/ (월,화,목) 13:40~15:10

▶ 본 알림톡은 안양호암초등학교에서 발송되었습니다."
Negative,0.7001456022262573,연아 잔다
Negative,0.9264189004898071,그래 ㅋㅋㅋ 난 뭐좀 먹어야지
Negative,0.5818035006523132,오늘은 일찍 오십니까?ㅎ
Positive,0.8906723856925964,네 일찍 가겠습니다.
Negative,0.8764742612838745,저녁은 같이 먹을수있는걸까요? 준비를해야해서요
Negative,0.7472795844078064,점심은 뭐먹었어?
Negative,0.9875743985176086,네 그러시죠
Positive,0.7249011397361755,점심은 해장국 먹었습니다.
Positive,0.5050615668296814,알겠슴돠
Negative,0.6497600078582764,지금 애들은 다 있는거지? ㅋ
Positive,0.9721039533615112,웅웅 ㅎㅎ 방금전에 집에들어왔어 ㅎㅎ
Negative,0.9558458924293518,그래요 ㅋ 5시 30분에서 6시 사이에 출발할게
Positive,0.9584656357765198,네넹!
Negative,0.9316498637199402,여보는 먹고싶은 메뉴있어?
Negative,0.9563960433006287,아녀 딱히 ㅋ
Negative,0.966471791267395,흠...뭐먹을까나
Positive,0.5050615668296814,ㅋㅋ
Negative,0.9466645121574402,사진
Negative,0.9329133033752441,애들자?
Negative,0.9617557525634766,"알림장 수신

['안양호암초등학교' 알림장]

알림제목 : [학교공지] 1학년 초1~2 맞춤형 귀가 시간 안내 
발신자명 : 안양호암초등학교
회신번호 : 07071143725
학교공지 알림 : 
1학년은 3.17.(월)까지 4교시 수업으로 맞춤형은 14:20분에 종료합니다. 보호자 동행 귀가하시는 경우, 14:20분까지 1층 현관 앞으로 오시기 바랍니다.
 그외 학원을 이용하는 경우는 시간에 맞춰 학원차에 탑승시킬 예정입니다.
**3.18.(화)부터는 월,화,목 : 3시10분/ 수,금 : 2시20분 종료

▶ 본 알림톡은 안양호암초등학교에서 발송되었습니다."
Positive,0.7706012725830078,씻고나와용 쭈꾸미는 20분뒤에 도착예정
Positive,0.9899481534957886,요번주 목요일낮에 친정엄마쉬는날이라 오신대요~ 애들 옷사주고싶다고 해서 알겠다고했어
Positive,0.900567889213562,응 알았어요 ^^
Negative,0.8742782473564148,여보 오늘 늦게오는날이였나?
Negative,0.9927387833595276,응.. 왜?
Negative,0.9966244697570801,무슨 일 있어?
Positive,0.5039546489715576,헷갈려서 ㅎㅎ
Positive,0.5050615668296814,ㅎㅎㅎ
Positive,0.5110000371932983,"채아가
오늘 아빠 늦게오고 내일 일찍온다고 말해줬거든ㅋㅋㅋ"
Positive,0.9889746904373169,ㅇㅇ 이제 개인 일정도 여보랑 공유해서
Negative,0.9659807682037354,나 저녁 약속 있는건 다 보일거야
Negative,0.869408130645752,조찬모임은 안늦게 잘 다녀왔어?
Positive,0.8917145133018494,응 잘갔어 ㅋㅋ
Negative,0.6906877756118774,다행이네 ㅎㅎ오늘은 저녁 먹고와?
Negative,0.9968292117118835,어떻게 할까?
Negative,0.9908424615859985,먹고가 아님 가서 먹어? ㅋ
Negative,0.5415419340133667,여보 편한데로 ㅋ
Positive,0.981187641620636,먹고와용 ㅎㅎㅎ
Positive,0.623249351978302,알았어 ㅋ
Negative,0.9828135967254639,검사하는거 15분정도 걸린대
Negative,0.9400403499603271,여보 류제순씨 번호 좀 보내주세요
Negative,0.9206259250640869,연락처: 류재순
Negative,0.982801616191864,우리밖에있을세
Negative,0.9466645121574402,사진
Negative,0.9466645121574402,사진
Positive,0.8715175986289978,내일모레 학부모총회간당 ㅋㅋ
Negative,0.9466645121574402,사진
Negative,0.9776725172996521,이렇게 문자 먼저 보냈다
Positive,0.6800562143325806,잘했어
Negative,0.892555296421051,정 안되면 내가 전화할게
Negative,0.9252973794937134,응응 답오는거 보고!ㅎ
Negative,0.9550290107727051,그래그래 ㅋ
Positive,0.7593162655830383,보이스톡
Negative,0.9923266172409058,취소
Negative,0.9466645121574402,사진
Negative,0.9894556403160095,이렇게 답장왔다
Positive,0.5050615668296814,ㅋㅋㅋㅋㅋ
Positive,0.962921142578125,일단 좋다 빌린거 갚는다는 내용이 문자로 있으니깐 우리한테 좀 더 유리할거야
Negative,0.8935950994491577,임대주택 계약기간은 6월 말까지래
Negative,0.9896661043167114,한달전에 퇴거요청해야한대서
Positive,0.6818825602531433,늦어도 5월에는 해야해
Negative,0.9615984559059143,그래
Negative,0.9925139546394348,6월 말까지는 있어도 되지만 5월에는 퇴거 신청을 할 수 밖에 없다고 한번 못 박는 것도 좋겠다.
Positive,0.8959936499595642,응응 !
Negative,0.5902808308601379,저녁은 먹었고
Positive,0.7800567150115967,곧 들어갈거야 ㅋ
Negative,0.7686783075332642,여보 저녁은 먹었어?
Positive,0.5692596435546875,웅웅 ㅎㅎㅎ
Negative,0.9466645121574402,사진
Positive,0.9909552931785583,애들도 먹고 한글요가하는중ㅋㅋ
Positive,0.5050615668296814,ㅋㅋㅋㅋㅋㅋㅋㅋㅋㅋㅋㅋㅋㅋㅋ
Negative,0.9799281358718872,한글요가 ㅋㅋㅋㅋ
Positive,0.9783774018287659,귀엽다 ㅋㅋ
Positive,0.9074488878250122,ㅎㅎㅎ 이제 이거 하고 씻기려고ㅎㅎ
Negative,0.7760148048400879,그렇고만 ㅋ
Positive,0.9750264883041382,오늘 애들 일찍 재우고 간단히 한잔? ㅋ
Negative,0.5284677147865295,좋지 ㅎㅎㅎ
Negative,0.7834969758987427,알았오 ㅋ
Negative,0.912437379360199,맥스가 뭐 하고 있어서 시간이 좀 걸리네 ㅠㅠ
Positive,0.9749569892883301,맥스 내려주고 연락할게요!
Positive,0.5050615668296814,네넹
Positive,0.9396912455558777,애들 재우는중
Positive,0.9459187388420105,조심히 와용
Positive,0.9052361249923706,알았어!
Negative,0.7852454781532288,집에는 아직 안도착한거지?
Positive,0.900208592414856,난 아직 연아 재우는중
Negative,0.7283212542533875,응 ㅠㅠ
Positive,0.9834814667701721,아직 맥스가 뭘 열심히 하고 있어서 ㅠㅠ
Positive,0.9815068244934082,출발할 때 톡할게
Positive,0.9321141839027405,아하 알겠엉!
Positive,0.9581032395362854,출발!
Positive,0.991500973701477,재우기 성공!ㅋㅋ
Negative,0.8876316547393799,애들 자?
Positive,0.8289390802383423,아직 연아 안자ㅠㅠ
Negative,0.9911333918571472,안들어갈게 ㅠㅠ
Positive,0.9829486012458801,웅웅 이제 잠들기 시작
Negative,0.9898393154144287,나 제대로 넘어졌다 ㅠㅠㅠㅠ 뒤로 ㅠㅠ
Negative,0.9431700110435486,목이 아프다 큰일났당 ㅠㅠ
Negative,0.8773092031478882,여보 나한테 추천했던 게 쳇지피티말고 뭐였지?
Negative,0.942504346370697,perplexity
Positive,0.8960686922073364,퍼플렉시티
Positive,0.9403091669082642,넵!고마오
Negative,0.9049158692359924,그래 한번 써봐요 ㅋ
Negative,0.961486279964447,아 그리고 우리 인터넷 티비 휴대폰 바꿔야 하지 않아?
Negative,0.8780561089515686,내가 좀 알아볼까?
Positive,0.7133944630622864,아 바꿔야지!ㅎㅎ
Positive,0.9854310750961304,"알바끝!
지갑이 집에있어서 집 들렀다가 병원다녀오려고"
Negative,0.9704753160476685,넘어진데는 어때?
Negative,0.8143113255500793,이제 계속 욱씬거리고 아프당 ㅠㅠㅎㅎ
Negative,0.9288373589515686,얼른 병원다녀와야지
Positive,0.9340319037437439,정형외과로 가려고
Negative,0.9261879324913025,그래… 얼른 가봐.. ㅠ
Positive,0.962024986743927,웅웅! 다녀올게!
Positive,0.8567050099372864,여보 내일 연아 등원시켜줄수있어요?
Positive,0.5271412134170532,내일은…. 나 일찍 나가야하는데.
Negative,0.9968355298042297,무슨일 있어?
Negative,0.8531407713890076,내일 일산가야해서 맥스 데리고 가야해서 일찍 나가야하는데
Negative,0.8276398777961731,아 책사랑회 에서 내일 회의하자고해서
Negative,0.986933171749115,안된다고 해야겠당
Negative,0.923381507396698,ㅇㅇ 미안 ㅠㅠ
Negative,0.8855229020118713,수요일 확정인거지?
Negative,0.9466645121574402,사진
Negative,0.9025072455406189,찰리가 보내셨던게 있는데 이거 안썻다고 옴 ㅋㅋ
Positive,0.9209481477737427,어머니 생신때 써야겠다
Positive,0.5050615668296814,ㅋㅋㅋㅋㅋㅋㅋㅋㅋㅋㅋㅋㅋ
Negative,0.7722283005714417,선물함에 이거저거 다있는거아냐?ㅋㅋ
Negative,0.8432445526123047,몰라 봐야해 ㅋ
Negative,0.9466645121574402,사진
Positive,0.5050615668296814,ㅋㅋㅋㅋㅋㅋㅋ
Negative,0.7585505247116089,자니
Negative,0.7928537726402283,난 안자고 애들은 자ㅋㅋㅋ
Positive,0.5050615668296814,ㅋㅋ
Negative,0.9900201559066772,나 들어왔는데??
Negative,0.9958056211471558,못들음?
Negative,0.9781144857406616,연아 차가 몇시에 온다고?
Negative,0.8723748922348022,35분~40분
Positive,0.9705490469932556,좀 지나서 올수도있고!ㅎ
Positive,0.5050615668296814,ㅇㅇ
Positive,0.7255130410194397,연아가 어린이집 차 타고 간다고 해서
Positive,0.5692596435546875,웅웅 ㅎㅎㅎ
Positive,0.8803395628929138,방금 질 타고 감 ㅋ
Positive,0.9499585628509521,웅웅!
Positive,0.9374579191207886,고마워!
Negative,0.5641493201255798,난 끝나고 집 가는중!
Negative,0.9425264596939087,여보 어디야..?
Negative,0.9583195447921753,나 회사 왔어 ㅠㅠ
Negative,0.9751796126365662,여보 핸드폰 통신사 어디로 변경했었지?
Negative,0.9009721875190735,모바일M
Negative,0.5098056793212891,kt
Negative,0.6108884811401367,아직 안바꿨나?
Positive,0.5050615668296814,ㅇㅇ
Positive,0.9284353852272034,나까지 결합하는걸로 해서 알아봐요
Positive,0.5050615668296814,네넹
Negative,0.9466645121574402,사진
Negative,0.9265455603599548,"연아
오늘 잠바 안입고갔나요?"
Positive,0.6361818313598633,응!
Negative,0.9889914989471436,더워서
Negative,0.9970709085464478,안입고감
Positive,0.9646245837211609,웅웅!ㅎㅎ
Negative,0.8873321413993835,웅웅
Negative,0.7925155758857727,오늘은 언제와용?
Positive,0.6879908442497253,나 한잔 하고 갈게 ㅋ
Positive,0.7339310050010681,이모티콘
Negative,0.9019633531570435,재웠어? ㅋ
Positive,0.8457437753677368,옐로우카고 경기 안성시 공도읍 서동대로 4060-44 옐로우카고
Negative,0.9673867225646973,식사 장소?
Negative,0.8873321413993835,웅웅
Positive,0.9814208149909973,횟집도 괜찮은곳 있나 보는중
Negative,0.7546722292900085,남동현참치도 괜찮은데 룸으로 예약하려고 하는데 노키즈존이냐고 한번 더 물어볼까?
Negative,0.821557343006134,응 좋지 ㅋㅋ
Positive,0.9841687679290771,5시에 영업시작이라 이따 전화해봐야겠당
Negative,0.8719278573989868,그래여! ^^
Negative,0.985433042049408,아 난 콧물에 목까지 아파서.. 약국에서 약 타다 먹음 ㅠ
Negative,0.9972015619277954,정신이 없네
Negative,0.9858837723731995,그리고 오늘 퀴즈시험 본다고 어제 늦게까지 공부했는데….. 어제 밤 11시 40분에 수업계획서에 퀴즈가 없다고.. 안본데… 그냥 중간고사 미리 공부했다고 생각하래… 그걸 오늘 아침에 알았음..
Negative,0.7838723659515381,아 피곤해 ㅠㅠ
Negative,0.9731430411338806,헐 ㅠㅠㅠㅠㅠ
Positive,0.8975784182548523,어제 늦게까지 공부했는데 ㅠㅠㅠㅠㅠ
Negative,0.9552300572395325,감기 제대로 걸렸나부네 ㅠㅠ
Positive,0.9440149068832397,여보 나 요번주 토요일에 다솜이 만나고와도돼?
Positive,0.874667227268219,응 괜찮을 것 같애
Positive,0.9646245837211609,웅웅!ㅎㅎ
Negative,0.9738261103630066,그럼 그날 일정은 어떻게 되?
Positive,0.974604070186615,일단 오후에 보기로 했어용
Positive,0.7574931383132935,아직 구체적으로 일정은  안 정했어!
Negative,0.9591296911239624,응 그래 알았어.
Negative,0.9218217134475708,그리고 부동산가서 요즘 상황이 어떤지도 좀 물어봐야 ㅋ
Negative,0.5374982357025146,봐바 ㅋ
Positive,0.8882400393486023,알겠어~!
Negative,0.878303587436676,집보러 왔당 ㅎㅎ
Positive,0.9668234586715698,여기 18층도 집 내놨대
Negative,0.9736018180847168,거기 보러 온건데 집주인이랑 연락이 안되서 우리집옴ㅋㅋㅋㅋ
Positive,0.9850425124168396,"오늘 부동산 4군데 더 들러서 집 내놓고 
점심먹고 들어와서 여태 청소했당ㅋㅋㅋ
하길 잘했당ㅋㅋㅋㅋ"
Negative,0.673721969127655,그리고 부동산 사람한테 좀 빨리 나가려면 어떻게 하면 좋을지도 슬쩎 물어봐 ㅋ
Negative,0.8840851187705994,웅웅ㅎㅎ 그래봐야겠다
Negative,0.8486993312835693,우리 여기 분양가 얼마에 들어왔지?
Negative,0.9915050864219666,5억 8천 정도일걸?
Positive,0.8928728103637695,알겠엉!ㅎㅎ 아까 부동산에서 슬쩍 물어보는데 기억이 안나더라고 ㅋㅋ
Negative,0.9876459240913391,여보이름으로 고기가 택배와있네!
Positive,0.6361818313598633,응!
Negative,0.6930870413780212,찰리가 윤돼지 파면된날 돼지 먹어야 한다고 보내셨엌
Positive,0.5039546489715576,ㅋㅋㅋㅋㅋ아니ㅋㅋㅋㅋㅋㅋㅋㅋ진짜 ㅋㅋ
Positive,0.5050615668296814,ㅋㅋㅋㅋㅋㅋㅋㅋㅋㅋㅋㅋㅋㅋ
Positive,0.5050615668296814,ㅋㅋㅋㅋㅋㅋㅋ
Positive,0.6351414918899536,ㅋㅋㅋㅋㅋㅋㅋㅋㅋㅋㅋㅋ냉장고에 넣어두었어 ㅋㅋ
Positive,0.9440275430679321,응 잘했어 ㅋ
Negative,0.9645400643348694,"채아 오늘 놀이시간에 넘어져서 다리를 삐었대
그래서 지금 학교 양호실로 데리러가는중이야
내일 동물원은 못갈거같은데...."
Positive,0.7280855178833008,"처음에는 선생님이 업고 양호실에 갔는데 찜질하고 누워서 쉬니 좀 괜찮아지긴 했나봐 
그래도 오늘 태권도는 안보낸다고 연락했어용"
Negative,0.7169007658958435,그래 알았어요! ^^
Negative,0.5324673056602478,바쁘지?
Positive,0.9391374588012695,나는 다솜이랑 아까 만났어! ㅎㅎ
Positive,0.9892867803573608,이제 수원 행궁동에서 놀려고!ㅎ
Positive,0.723480224609375,저녁은 잘 먹었어?
Positive,0.856231689453125,응 먹었어 ㅋ
Positive,0.9882881045341492,난 다솜이랑 저녁먹고 코인노래방 왔어!ㅎㅎ
Positive,0.8241428732872009,그래 ㅋ 재미있게 놀아요 ㅋ
Positive,0.731603741645813,이제 수원역 가는중ㅎㅎ 비와서 엄청춥다
Positive,0.8958413004875183,애들잔다
Positive,0.5050615668296814,ㅋㅋ
Negative,0.9034687280654907,오..?!ㅋㅋㅋ
Negative,0.9645177721977234,고생했어!
Positive,0.5050615668296814,ㅋㅋㅋㅋ
Positive,0.9041913151741028,연아 낮잠 안잤겠구나 ㅋㅋ
Negative,0.7847394943237305,이제 오는가야?
Negative,0.8245505690574646,지하철 타고 이제 성균관대 지났어 ㅎㅎ
Negative,0.5229306817054749,아 오케 알았어
Positive,0.9646245837211609,웅웅!ㅋㅋ
Positive,0.668550431728363,잘랑말랑
Negative,0.974223256111145,유마트옴 ㅋ
Negative,0.8980619311332703,먹고 싶은거 없어? ㅋ
Negative,0.8244900107383728,딱히 없어영 ㅎㅎ
Positive,0.729080080986023,청하 사다죠 ㅎㅎㅎ
Negative,0.744088888168335,앗 와인샀는데 ㅋ
Negative,0.5137959122657776,앗 ㅋㅋㅋ어쩔수없지 ㅋㅋ
Negative,0.9466645121574402,사진
Negative,0.9466645121574402,사진
Negative,0.974948525428772,찰리가 보내심 ㅋ
Negative,0.9768219590187073,이마트 상품권이 늘어나는군 ㅋ
Negative,0.9845496416091919,오잉?ㅋㄴㄴㄴ
Negative,0.9932768940925598,왜주신거지?호
Negative,0.9256899356842041,법인카드 만들어서 사은품이 나왔는데 그거 나랑 맥스 주라고 록키가 그랬나봐 ㅋ 그래서 주셨대 ㅋ
Negative,0.8265901803970337,당근 같은거겠지? ㅋ
Negative,0.8990612030029297,아하 ㅋㅋㅋㅋ그렇구만ㅋㅋㅋ
Positive,0.8761510252952576,ㅇㅇ 난 이제 대전역이다 ㅋㅋ 잘 다녀올게 ㅋ
Positive,0.9586458802223206,네넹!!ㅎㅎ
Negative,0.9750891327857971,사진 2장
Negative,0.8161970376968384,난 채아랑 충훈로벚꽃길 다녀왔당ㅎㅎ 벚꽃이 이제 막 떨어지고있어서 이쁘네ㅎㅎ
Positive,0.5050615668296814,ㅋㅋㅋㅋㅋ
Positive,0.9559932947158813,이쁘다 ㅋㅋ
Positive,0.8892908692359924,잘 하구있엉?
Negative,0.9187822937965393,응 그런데 시간이 부족하네 ㅠㅠ
Negative,0.9717017412185669,생각보다 어렵네 ㅠㅠ
Negative,0.9884403944015503,그래? 저녁먹으러는 어떻게 할까?
Negative,0.9499231576919556,밖에서 먹고 들어갈까?
Positive,0.9409626722335815,난 아양 도서관에 있어
Positive,0.7850567102432251,우리는 스타벅스라서
Negative,0.9761802554130554,음? 다시 나온거야? ㅋ
Positive,0.5692596435546875,웅웅 ㅎ
Positive,0.9499967098236084,식당에서 만나쟈 ㅎ
Positive,0.9326872825622559,시간알려주면 맞춰서 갈게 ㅎ
Positive,0.5245428681373596,근데 식당 어디로가? ㅋ
Negative,0.881868839263916,고기 먹으러가는거야
Negative,0.9880867004394531,신부갈까? 옥산명가 갈까?
Negative,0.7639093995094299,이마트옆도 괜찮긴했는데
Negative,0.9796004891395569,비쌌었지?
Positive,0.5186506509780884,거긴 좀 비쌋고 ㅋ
Negative,0.8924276828765869,옥산명가가 가깝지 여기선 ㅋ
Negative,0.971351146697998,아하 옥산명가 가쟈 ㅎㅎ
Negative,0.8114824891090393,그래 ㅋ 그럼 도착하면 연락해 그럼 난 그때 출발하고 먼저 시키고 있어 ㅋ
Negative,0.9796913266181946,그럼 대충 맞을듯
Positive,0.5039546489715576,네넹 ㅎㅎ
Positive,0.984944760799408,주문했엉~!
Negative,0.8631770014762878,"집 내놓은 부동산
두산위브 더아티움 공인중개사 사무소
삼성 공인중개사 사무소
태양 공인중개사 사무소
삼삼 부동산중개사무소 
아르테행운 공인중개사 사무소"
Positive,0.9875109195709229,요렇게 5군데 내놓았었어요~!
Negative,0.9830681681632996,우리 집앞 부동산까지 포함한거지?
Positive,0.5050615668296814,네넹
Positive,0.9906316995620728,엄마 오셔서 같이 점심먹고 채아 데리고왔당 ㅎ
Positive,0.9782862663269043,이제 카페가려고 ㅎㅎ
Positive,0.8295270204544067,응! 알았어!
Positive,0.9060732126235962,난 지금 과제랑 시험 준비로 너무 바쁘다 ㅠㅠ 이따가 연락할게!
Positive,0.9499585628509521,웅웅!
Negative,0.6185413002967834,애들은 자?
Positive,0.5807111859321594,아직 안자겠지?
Negative,0.7904552221298218,아직 안자...ㅎㅎㅎ
Negative,0.9702028632164001,둘다? ㅋ
Positive,0.9340816140174866,웅 집에와서 씻기고 책읽고 이제 자장가 틀었어
Negative,0.8577721118927002,열시반에는 잠들거같아 ㅎㅎ
Negative,0.877434492111206,둘다 피곤해서 ㅎㅎㅎ
Positive,0.9805386066436768,애들 잔다!ㅎㅎ
Positive,0.8813158869743347,대성공
Positive,0.5424782037734985,오호
Positive,0.5050615668296814,ㅋㅋ
Positive,0.8970122337341309,나도 들어갈게 ㅋ
Positive,0.5692596435546875,웅웅 ㅎㅎ
Negative,0.9163560271263123,월급 확인했어요!ㅎㅎ
Negative,0.8591729402542114,ㅇㅇ 이번달은..
Positive,0.9809834361076355,화이팅!
Negative,0.8989758491516113,여보는 오늘 일찍 못오는거겠쥐..?ㅎ 채아가 야시장 얘기하네 ㅎㅎ
Positive,0.6644827127456665,애들은 자니?
Positive,0.734163761138916,난 아직…. 회사임 ㅠㅠ
Negative,0.9609466791152954,공영 주차장에서 기다리고 있을게 ㅋ 같이가재 ㅋ
Positive,0.9562211632728577,네넹!ㅎㅎ
Positive,0.9713526368141174,이제 가는중!ㅎㅎ
Negative,0.8524357676506042,여보 내가 내일 정말 중요한 회의가 있어서 8시 반까지 출근해야 할 것 같아
Positive,0.7781129479408264,미리 말해야 할 것 같아서
Positive,0.6507623791694641,자세한 이야기는 집에가서 할게
Positive,0.9392185807228088,네네 알겠어요~!
Negative,0.8818953633308411,퇴사하기로 결정댔어. 자세한 일정은 록키랑 협의하려고 ㅎ
Positive,0.7032878398895264,네네!
Negative,0.9179908633232117,언제퇴사하기로 했어요? 오늘은 데리러가야하나요?
Negative,0.99107426404953,아니 5월 9일이고 차는 그때까지 끌거야 ㅋ
Positive,0.9499585628509521,웅웅!
Negative,0.9466645121574402,사진
Negative,0.9735316634178162,파일: 2025학년도학교급식학부모모니터링(검수)활동계획안내(투게더알리미).hwp
Negative,0.922795832157135,여보 채아가 고담식당가자고하네
Negative,0.894531786441803,그래 알았어 ㅋ
Negative,0.9617610573768616,단톡방에 썼는데 아무도 안봐서 ㅎㅎ
Negative,0.9744375944137573,결국엔 고담이네 ㅋ
Negative,0.5818803906440735,그러면 지금 데리러 갈까?
Negative,0.9111385941505432,아니면 준비하고 고담에서 만나기로?
Negative,0.9326590895652771,그러자 ㅎㅎㅎ
Positive,0.5050615668296814,ㅇㅋ
Negative,0.9849477410316467,내가 말씀드릴까?
Positive,0.5219722986221313,그러면 거기 몇시까지 있을거야>
Negative,0.967018187046051,파일: 2025학년도학교급식학부모모니터링(검수)활동계획안내(투게더알리미).pdf
Positive,0.7784315943717957,여보. 근데 생각해보니깐 나 오늘 9시에 온라인 미팅이 있는데 깜빡함
Positive,0.5050615668296814,ㅋㅋㅋㅋ
Negative,0.9963770508766174,어떻할까?
Negative,0.9641709327697754,집에 있다가 나갈 수 있으려나?
Positive,0.9523701667785645,여보 편한데로 해용 ㅎㅎ
Positive,0.5744126439094543,집에있다 나갈수야 있지 ㅎㅎㅎㅎ
Negative,0.9187597036361694,번거로우면 밖에있다가 오면되고 ㅎㅎ
Negative,0.9604727625846863,음 알았어 ㅋ 그럼 미팅하고 들어갈게 ㅋㅋ
Positive,0.5692596435546875,웅웅 ㅎㅎ
